id,Phylum,Class,Common_name,Family,Genus,Species,Kingdom,Carbohydrates,Edible_Stage,Fats,Fiber,Location,Preparation,Purpose,Reference,Reference2,Reference3,Protein,
1,Orthoptera,Insecta,Asian hornet,Acrididae,Acisoma,Acisoma panorpoides,Animalia,1%,"Larvae, pupae, and adults",18%,,"Nagaland,Assam",Adult insects are consumed in fried form.,Edible,"Ramos-Elorduy, J., 2009. Anthropo-entomophagy: Cultures, evolution and sustainability. Entomological Research,39, 271–288.",,,46%,
2,Orthoptera,Insecta,Backswimmer,Acrididae,Acrida,Acrida exaltata,Animalia,, The eggs of backswimmers and other Corixidae family bugs,,,Manipur,Adult insects are consumed in roasted form.,Edible,"Petra Ditsche-Kuru, Erik S. Schneider, Jan-Erik Melskotte, Martin Brede, Alfred Lederand  surfaces of the water bug . 2011, 2, 137-144. doi:10.3762/bjnano.2.1",,,,
3,Orthoptera,Insecta,Backswimmer(1),Acrididae,Acridium,Acridium melanocorne,Animalia,, The eggs of backswimmers and other Corixidae family bugs,,,Manipur,Adult insects are consumed in roasted form.,Edible,"Petra Ditsche-Kuru, Erik S. Schneider, Jan-Erik Melskotte, Martin Brede, Alfred Lederand  surfaces of the water bug . 2011, 2, 137-144. doi:10.3762/bjnano.2.1",,,,
4,Orthoptera,Insecta,Preying mantis(1),Acrididae,Oxya,Oxya hyla,Animalia,,nymph and adult,,,"Nagaland, Assam, Manipur","Both nymph and adult are consumed in fried form and mixing with the edible herbs like garlic, ginger, onion, salt and other spices community",Edible,"Mayer-Rochow, V.B., 2010. Entomophagy and its impact on world cultures: the need for a multidisciplinary approach.: 19-21 February 2008, ed. Durst P.B., Johnson, D., Leslie, R.N., Shono, K., Thailand, pp. 23-36.",,,,
5,Orthoptera,Insecta,Stink bug(2),Acrididae,Rhyothemis,Rhyothemis variegate,Animalia,,nymphs,,,Nagaland,The nymph is the common stage for eating. They are consumed in fried form.,Medicinal( Civing adult insects are crushed on nail injury to heal)  and Edible,"Subramanian, K, A. 2005, Dragonflies and Damselflies of Peninsular India A Feild Guide, Project Lifescape Series Editor: Madhav Gadgil",,,,
6,Orthoptera,Insecta,Pentatomid bug(2),Acrididae,Orthetrum,Orthetrum triangulare,Animalia,,nymphs,,,Arunachal Pradesh,The nymphs are the common stage for eating. They are consumed in fried form.,Medicinal(Live adult insects are crushed on nail injury to heal) and Edible,"Subramanian, K, A. 2006, Dragonflies and Damselflies of Peninsular India A Feild Guide, Project Lifescape Series Editor: Madhav Gadgil",,,,
7,Orthoptera,Insecta,Giant water scavenger,Acrididae,Gryllotalpa,Gryllotalpa orientalis,Animalia,,nymph and adult,24-30%,,Manipur,nymph and adult are consumed in fried and roasted form.,Medicinal(respiratory system disorder) and Edible,"Gryllotalpa orientalis (Orthoptera: Gryllotalpidae) in Korea. Int. J. Indust. Entomol. Vol. 14, No. 2, pp. 107-113",,,14%,
8,Orthoptera,Insecta,Short horn grasshopper(1),Acrididae,Hieroglyphus,Hieroglyphus banian,Animalia,,nymph and adult,7.15%,4.81%,Manipur,nymph and adult are consumed in fried and roasted form.,Edible,"Grasshoppers as a food source? A review Aman Paul, Michel Frederich, Roel Uyttenbroeck, Séverin Hatt, Priyanka Malik, Simon Lebecque, Malik Hamaidia, Krystian Miazek,",https://plantwiseplusknowledgebank.org/doi/10.1079/pwkb.species.27164,,63.61%,
9,Orthoptera,Insecta,Yellow-striped locust.,Acrididae,Melanoplus,Melanoplus bivittatus,Animalia,,Adult insects,13–33% ,,Assam,Adult insects are consumed in roasted form.,Edible,"Bioavailability of nutrients from edible insects panelShikha Ojha, Alaa El-Din Bekhit, Tilman Grune, Oliver K Schlüter","https://bugguide.net/node/view/7622#:~:text=June%20to%20October.&text=Wide%20variety%20of%20mostly%20herbaceous,scavenge%20dead%20animal%20matter%2C%20etc.&text=Overwinters%20as%20eggs%20laid%20mostly,%2C%20holes%20in%20rocks%2C%20etc.",,35–61%,
10,Orthoptera,Insecta,Green marsh hawk,Acrididae,Orthetrum,Orthetrum sabina,Animalia,,nymphs,,,Nagaland,nymph  are consumed in fried form.,Edible,"Edible Insects as a Protein Source: A Review of Public Perception, Processing Technology, and Research Trends Tae-Kyung Kim, Hae In Yong, Young-Boong Kim, Hyun-Wook Kim, Yun-Sang Choi","Unravelling the potential of insects for medicinal purposes – A comprehensive review Shahida Anusha Siddiqui, Chujun Li Owusu Fordjour Aidoo, Ito Fernando, Moawiya A. Haddad, Jorge A.M. Pereira, Andrey Blinov Andrey Golik and José S. Câmarah",,,
11,Odonata,Insecta,Coreid bug,Aeshnidae,Bombyx,Bombyx mori,Animalia,,Pupae,8%,,"Arunachal Pradesh, Nagaland",Pupae are consumed in fried and roasted forms,Edible,"Nutritional Value of Silkworm Pupae (Bombyx mori) with Emphases on Fatty Acids Profile and Their Potential Applications for Humans and Animals Mihaela Hăbeanu,* Anca Gheorghe, and Teodor Mihalcea",,,54%,
12,Hemiptera,Insecta,Ziireipaopoa,Aetalionidae,Darthula,Darthula hardwickii,Animalia,,"Larvae, Pupae",43%,13%,Manipur,Larvae and pupae are consumed in fried ,Edible,"Potential health benefits of edible insects Abby C Nowakowski , Abbey C Miller , M Elizabeth Miller , Hang Xiao , Xian Wu",,,40%,
13,Hymenoptera,Insecta,Bush cricket,Apidae,Apis,Apis dorsata,Animalia,,"Larvae, Pupae",,,"Assam, Nagaland",Larvae and pupae are consumed in fried ,Edible,"The unexploited bee. Agroforestry Today,1:8-10.",,,,
14,Hymenoptera,Insecta,Bush cricket(1),Apidae,Apis,Apis florea,Animalia,,"Larvae, Pupae",,,"Nagaland, Arunachal Pradesh","
Both larvae and pupae are consumed in fried and curry forms.",Edible,"The unexploited bee. Agroforestry Today,1:8-11.",,,,
15,Hymenoptera,Insecta,Bug(1),Apidae,Apis,Apis cerana indica,Animalia,,"Larvae, Pupae",,,"Nagaland, Assam, Manipur",Both larvae and pupae are consumed in fried and curry forms,Edible,"Verma, L.R. and P.C. Dulta. 1986. Foraging behaviour of Apis cerana indica and Apis mellifera in pollinating apple flowers. J. Apic. Res. 25(4):197-201.",,,,
16,Hymenoptera,Insecta,Carpenter bee,Apidae,Apis,Apis mellifera,Animalia,46.10%,"Larvae, Pupae",,,Nagaland,Both larvae and pupae are consumed in fried and curry forms,Edible,"Honey Bee (Apis mellifera L.) Broods: Composition, Technology and Gastronomic Applicability by Raquel P. F. Guiné RCID,Sofia G. Florença RCID,Paula M. R. Correia RCID,Ofélia Anjos,*ORCID,Catarina Coelho ,*ORCID andCristina A. Costa RCID",,,35.30%,
17,Hymenoptera,Insecta,Stingless bees,Apidae,Lepidotrigona,Lepidotrigona arcifera,Animalia,32.95%,"Honeybee, Honeybee larvae and pupae",0.85%,,Nagaland,Honeybee larvae and pupae consumed in fried form.,"Medicinal( Treat gastrointestinal disorders, gastric problems, mental distress, external wounds, and A hive sealant made by bees that can be used to cure aphthous stomatitis)and Edible","The Chemical Properties of Seaweed Caulerpa lentifera from Takalar, South Sulawesi Ellya Sinurat and Sofa Fadjriah",,,14.40%,
18,Hymenoptera,Insecta,Stingless bees(1),Apidae,Lophotrigona,Xylocopa violacea(1),Animalia,2.20%,Adult insects,8.90%,,Assam,Adult insects are consumed in fried form.,"Medicinal( Contains many therapeutic properties, including remedial, antibacterial, diuretic, sedative, anticancer and anti-rheumatic properties) and Edible",,,,,
19,Hymenoptera,Insecta,Stingless bees(2),Apidae,Xylocopa,Xylocopa violacea,Animalia,,"Larvae, Pupae",,,Nagaland,Larvae and pupae are consumed in fried ,Edible,Therapeutic Use of Insects and Insect Products G Kaur P S Sarao  N Chhabra,,,,
20,Hymenoptera,Insecta,Wood ants,Apidae,Lethocerus,Lethocerus indicus,Animalia,,Adult insects,8.90%,,Arunachal Pradesh,"Adult roasted insects are consumed by mixing with paste of chilly, salt, steamed fermented fish along with many edible herbs.","Medicinal(cure external skin, Antidote to snake bite.) and Edible","Choate,P. M. Giant Water Bugs, Electric Light Bugs, Lethocerus, Abedus, Belostoma (Insecta: Hemiptera:Belostomatidae) EENY-301 series, Featured Creatures from the Entomology and Nematology Department,",,,50.03%,
21,Hemiptera,Insecta,Long horn beetle,Belostomatidae,Lethoceru,Lethocerus indicus(1),Animalia,,Adult insects,2.20%,,Arunachal Pradesh,"Adult roasted insects are consumed by mixing with paste of chilly, salt, steamed fermented fish along with many edible herbs.","Medicinal(cure external skin, Antidote to snake bite.) and Edible","Choate,P. M. Giant Water Bugs, Electric Light Bugs, Lethocerus, Abedus, Belostoma (Insecta: Hemiptera:Belostomatidae) EENY-301 series, Featured Creatures from the Entomology and Nematology Department,",,,50.03%,
22,Coleoptera,Insecta,Bamboo beetle,Cerambycidae,Aeolesthes,Aeolesthes holosericea,Animalia,,Bamboo beetle larvae,,,Manipur,Adult insects are consumed in fried form.,Edible,"Traditional Knowledge of the Utilization of Edible Insects in Nagaland, North-East India by Lobeno Mozhui*,L.N. Kakati, Patricia Kiewhuo 1 andSapu Changkija",,,,
23,Coleoptera,Insecta,Banana skipper,Cerambycidae,Anoplophora,Anoplophora glabripennis,Animalia,,"Adults, Eggs, Larvae",,,Nagaland,Adult insects are consumed in fried form.,Edible,"Keena, M. A, 2002, Anoplophora glabripennis (Coleoptera: Cerambycidae) fecundity and longevity under laboratory conditions:Comparison of populations from New York and Ilinois on Acer saccharum. Environ. Entomol. 31(3): 490- 498.",,, 35–60%,
24,Coleoptera,Insecta,Beetle,Cerambycidae,Anoplophora,Anoplophora versteegi,Animalia,,"Larvae, Pupae",,,Assam,"Larvae and pupae are consumed in fried, roasted and curry forms.",Edible,"Kaushal, B.R., Joshi, R., Shamil, A., Kalia and Joshi, P.C. 1988. Energy budget of Antheraea proylei (jolly) and Quercus leucotrichophora (Lepidoptera: Saturniidae) J. Anim. Physiol. 35(2): 164-178.",,,,
25,Coleoptera,Insecta,Wasp,Cerambycidae,Udonga,Udonga montana(1),Animalia,,Adult insects,,,"Nagaland, Assam, Manipur",Adult insects are consumed in fried form,Edible(oil extracted from these insects),"Pathak, K.A., Rao, K.R., 2000. Insect pests as human food of tribals in North Eastern Region of India. Indian J. Entomol.62, 97-100Species 21.",,,,
26,Coleoptera,Insecta,Common red ant,Cerambycidae,Batocera,Batocera parryi,Animalia,,"Larvae, Pupae",,,Assam,larvae and pupae are consumed in fried and curry forms.,Medicinal(The insect juice is drink with water to cure gastric problem.)and Edible,"A review on edible insects and their utilization in Northeastern Himalaya Rojeet Thangjam, Veronica Kadam, Kennedy Ningthoujam and Mareena Sorokhaibam",,,,
27,Coleoptera,Insecta,Coreid Bug(3),Cerambycidae,Batocera,Batocera roylei,Animalia,,"Larvae, Pupae",,,Manipur,larvae and pupae are consumed in fried and roasted forms,Edible,"Traditional Knowledge of the Utilization of EdibleInsects in Nagaland, North-East IndiaLobeno Mozhui, L.N. Kakati, Patricia Kiewhuo 1and Sapu Changkija",,,,
28,Coleoptera,Insecta,Coreid bug(1),Cerambycidae,Batocera,Batocera rubus,Animalia,,"Larvae, Pupae",,,Nagaland,larvae and pupae are consumed in fried and roasted forms,Edible,"Edible Crickets (Orthoptera) Around the World: Distribution, Nutritional Value, and Other Benefits—A Review  Henlay J. O. Magara.",,,,
29,Coleoptera,Insecta,Cicada,Chrysomelidae,Aplosonyx,Aplosonyx chalybaeus,Animalia,,Larvae,,,Nagaland,Larvae are consumed in fried form.,Edible,"Traditional Knowledge of the Utilization of Edible Insects in Nagaland, North-East India by Lobeno Mozhui*, L.N. Kakati, Patricia Kiewhuo 1 and Sapu Changkija",,,,
30,Hemiptera,Insecta,Cicadas(2),Cicadidae,Dundubia,Dundubia intemerata,Animalia,4.30%,Gymphs and Grubs,42.20%,4.60%,Arunachal Pradesh,Gymphs and Grubs are consumed in fried form.,Edible,"Traditional Knowledge of the Utilization of Edible Insects in Nagaland, North-East India by Lobeno Mozhui*, L.N. Kakati, Patricia Kiewhuo 1 and Sapu Changkija",,,,
31,Hemiptera,Insecta,Cicadas(3),Cicadidae,Dundubia,Dundubia oopaga,Animalia,,Adult insects,,,Manipur,Adult insects are consumed in fried form.,Edible,A review on edible insects and their utilization in Northeastern Himalaya Dr. Veronica Kadam,,,,
32,Hemiptera,Insecta,Bamboo worm,Coreidae,Anoplocnemis,Anoplocnemis phasiana,Animalia,,Bamboo worm larvae,43.10%,,Nagaland,Larvae are consumed in fried form.,Edible,"Singtripop, T, Wanichacheewa,S, Tsuzuki, S and Sakurai,S, 1999, Larval growth and diapauses in a tropical Moth, Omphisa fuscidentalis Hamson, Zoological Science 16:725-733",,,30.50%,
33,Hemiptera,Insecta,Giant water bug,Coreidae,Dalader,Dalader planiventris,Animalia,,Adult insects,,,Manipur,Adult insects are consumed in fried form.,Edible,"A review on edible insects and their utilization in Northeastern Himalaya Rojeet Thangjam, Veronica Kadam, Kennedy Ningthoujam and Mareena Sorokhaibam",Complete Nutrient Content of Four Species of Feeder Insects Mark D. Finke,,,
34,Lepidoptera,Insecta,Locust borer,Cossidae,Prionoxystus,Prionoxystus robiniae,Animalia,,"nymphs, grubs, and adults insects",,,Assam,"nymphs, grubs, and adults insects are consumed in fried form.",Edible,Carpenterworm by Eugene R. Hannon and Elizabeth H. Beers,"A review on edible insects and their utilization in Northeastern Himalaya Rojeet Thangjam, Veronica Kadam, Kennedy Ningthoujam and Mareena Sorokhaibam",,,
35,Lepidoptera,Insecta,Paper wasp,Crambidae,Omphisa,Omphisa fuscidentalis,Animalia,,Larvae,,,"Nagaland, Arunachal Pradesh",Larvae are consumed in fried form.,Edible,"Singtripop, T, Wanichacheewa,S, Tsuzuki, S and Sakurai,S, 1999, Larval growth and diapauses in a tropical Moth, Omphisa fuscidentalis Hamson, Zoological Science 16:725-733",,,,
36,Coleoptera,Insecta,Dragonfly(12),Curculionidae,Cyrtotrachelus,Cyrtotrachelus dux,Animalia,5.50%,Adult insects,5%,,Manipur,Adult insects are consumed in fried form.,Edible,"Cerda., H., Araujo., Glew, R.H. & Paoletti, M.G. 2005. Palm worm (Coleoptera, Curculionidae: Rhynchophorus palmarum) traditional food : example from Alto Orinico, Nenezuela. In M.G. Paoletti, ed.",,,,
37,Hemiptera,Insecta,Cybister beetle,Dinidoridae,Coridius,Coridius chinensis,Animalia,,Adult insects,,,"Assam, Manipur",Adult insects are consumed in raw form.,Edible,"Durai, P. S. S. 1987. A revision of the Dinidoridae of the world (Hetreoptera: Pentatomoidea). Orient. insects. 21: 163-360.",,,,
38,Hemiptera,Insecta,Damselfly,Dinidoridae,Coridius,Coridius ianus,Animalia,,Adult insects,,,Manipur,Adult insects are consumed in raw form.,Edible,"Durai, P. S. S. 1987. A revision of the Dinidoridae of the world (Hetreoptera: Pentatomoidea). Orient. insects. 21: 163-361.",,,,
39,Hemiptera,Insecta,Damselfly(1),Dinidoridae,Coridius,Coridius singhalanus,Animalia,,Adult insects,,,Manipur,Adult insects are consumed in raw form.,Edible,"Durai, P. S. S. 1987. A revision of the Dinidoridae of the world (Hetreoptera: Pentatomoidea). Orient. insects. 21: 163-362.",,,,
40,Hemiptera,Insecta,Dragonfly(2),Dinidoridae,Cyclopelta,Cyclopelta siccifolia,Animalia,,Adult insects,,,Nagaland,Live adult insects are crushed on nail injury to heal them.,Medicinal and Edible,"Fraser, F.C (1936). The Fauna of British India, including Ceylon and Burma Odanta. Vols I-III. Taylor and Francis Ltd., London.",,,,
41,Hemiptera,Insecta,Cicada(1),Dinidoridae,Aspongopus,Aspongopus nepalensis,Animalia,,Adult insects,38.35%,33.47%,"Manipur, Nagaland, Arunachal Pradesh",The adult stage is consumed as a raw paste (chutney),Edible,"Practices of entomophagy and entomotherapy by members of the Nyishi and Galo tribes, two ethnic groups of the state of Arunachal Pradesh (North-East India) Jharna Chakravorty, Sampat Ghosh & Victor Benno Meyer-Rochow",,,30.50%,
42,Coleoptera,Insecta,Dragonfly(13),Scarabaeidae,Laccotrephes,Laccotrephes maculatus,Animalia,,Adult insects,2.39%,,"Arunachal Pradesh, Assam, Manipur",Adult insects are consumed in roasted form.,48%,"Nieser, N, Zettel, H & Chen, P.P, 2009, Notes on Laccotrephes STAL, 1866 with the description of a new species of the L. griseus group (Insecta: Heteroptera: Nepidae) Ann. Naturhist. Mus. Wien, B 110,11-20",,,,
43,Coleoptera,Insecta,Coconut palm rhinoceros beetle,Dynastidae,Oryctes,Oryctes rhinoceros,Animalia,10.37%,Larvae,10.00%,8.70%,Arunachal Pradesh,Larvae are consumed in fried form.,34.76%,"Nutritional compositions of two edible insects: Oryctes rhinoceros larva and Zonocerus variegatus Emeka Godwin Anaduaka, Nene Orizu Uchendu","A REVIEW OF THE IMPORTANCE AND UTILIZATION OF Oryctes rhinoceros LARVAE AS A SOURCE FOOD TO RURAL LIVELIHOOD Oyewale and Makinde, K. D",,,
44,Coleoptera,Insecta,Dragonfly(3),Dytiscidae,Cybister,Cybister sugillatus,Animalia,9%,Adult insects,13.10%,,Nagaland,Adult insects are consumed in fried form.,6.10%,"Reinhardt, K and Michael T. Siva-Jothy 2006. Biology of the Bed Bugs (Cimicidae) Annual Review of Entomology Vol. 52: 351-374",,,,
45,Coleoptera,Insecta,Dragonfly(4),Dytiscidae,Cybister,Cybister tripunctatus,Animalia,,Adult insects,19.20%,,Assam,Adult insects are consumed in fried form.,57.08%,"Miller, K. B. The phylogeny of diving beetles (Coleoptera: Dytiscidae) and the evolution of sexual conflict Biological Journal of the Linnean Society, 2003, 79, 359-388.",,,,
46,Coleoptera,Insecta,Dragonfly(5),Dytiscidae,Cybister,Cybister ventralis,Animalia,7.59%,Adult insects,0.30%,,Nagaland,Adult insects are consumed in fried form.,1.36%,"Studies on evaluation of physical and chemical composition of beetroot (Beta vulgaris L.) Kale RG, Sawate AR, Kshirsagar RB, Patil BM and Mane RP",,,,
47,Coleoptera,Insecta,House cricket,Dytiscidae,Hydrophilus,Hydrophilus indicus,Animalia,,Adult insects,,,Assam,Adult insects are consumed in fried form.,Medicinal(cure dog bite and tumour) and Edible,Commonwealth Scientific and Industrial Research Organisation (CSIRO) (2004): Water for a Healthy Country – Family Dytiscidae,,,,
48,Coleoptera,Insecta,Dragonfly(6),Dytiscidae,Cybister,Cybister fembriolatus,Animalia,,Adult insects,,,Assam,Adult insects are consumed in fried form.,Edible,"https://audubonnatureinstitute.org/Predaceous-Diving-Beetle#:~:text=True%20to%20their%20common%20name,animals%20(mostly%20aquatic%20insects).",,,,
49,Coleoptera,Insecta,Giant diving beetle,Dytiscidae,Cybister,Cybister fimbriatus,Animalia,,Adult insects,,,Manipur,Adult insects are consumed in fried form.,Edible,"https://bugguide.net/node/view/14672#:~:text=Metatibia%20of%20Cybister%20is%20short,that%20of%20Dytiscus%20is%20reddish.",,,,
50,Coleoptera,Insecta,Dragonfly(7),Dytiscidae,Cybister,Cybister limbatus,Animalia,4.30%,Adult insects,42.20%,4.60%,Manipur,Adult insects are consumed in fried form.,Edible,"Edible aquatic Coleoptera of the world with an emphasis on Mexico Julieta Ramos-Elorduy, José Manuel Pino Moreno & Victor Hugo Martínez Camacho","Annandale, N. 1900. Observations on the habits and natural surroundings of insects made during the Skeat Expedition"" to the Malay Peninsula", 1899-1900. Proc. Zool. Soc. London900:837-869. (Scarabaeidae,Cicadidae)","Bingham, C.T. 1903. Hymenoptera, Vol. II. Ants and Cuckoo-Wasps. In: The Fauna of British India, Including Ceylon and Burma (W.T. Blanford, ed.), p. 311. London: Taylor and Francis. (Formicidae)"
51,Hymenoptera,Insecta,Taro leaf beetle,Formicidae,Solenopsis,Solenopsis geminata,Animalia,,Adult insects,,,Nagaland,Adult insects are consumed in fried form.,Medicinal(The insect juice is drink with water to cure gastric problem.)and Edible,"Malaisse, F. 2005. Human consumption of Lepidoptera, termites, Othoptera and ants in Africa. In M.G. Paoletti, ed. Ecological implications of minilivestock pp.175-230",,,,
52,Hymenoptera,Insecta,Wood ants(1),Formicidae,Formica,Formica indica,Animalia,,Adult insects,,,"Arunachal Pradesh, Assam",Adult insects are consumed in fried form.,Edible,"A review on edible insects and their utilization in Northeastern Himalaya Rojeet Thangjam, Veronica Kadam, Kennedy Ningthoujam and Mareena Sorokhaibam",,,,
53,Hymenoptera,Insecta,Paper wasp(1),Formicidae,Oecophylla,Oecophylla smaragdina(1),Animalia,7.30%,"Adults, Larvae",14.99%,19.84%,Manipur,larvae and Adult are consumed in fried and curry forms.,"Medical(Treatment for Rheumatism, Stomach infections, Aphrodisiac, Dysentery, Fever) and Edible","Nutritional and anti-nutritional composition of Oecophylla smaragdina (Hymenoptera: Formicidae) and Odontotermes sp. (Isoptera: Termitidae): Two preferred edible insects of Arunachal Pradesh, ","Pharmacological potential of ants and their symbionts – a review Surbhi Agarwal, Garima Sharma, Kavita Verma, Narayanan Latha, Vartika Mathur",,,
54,Hymenoptera,Insecta,Paper wasp(2),Formicidae,Oecophylla,Oecophylla smaragdina,Animalia,7.31%,"Adults, Larvae",14.99%,19.84%,Arunachal Pradesh,larvae and Adult are consumed in fried and curry forms.,"Medical(Treatment for Rheumatism, Stomach infections, Aphrodisiac, Dysentery, Fever) and Edible",Nutritional and anti-nutritional composition of Oecophylla smaragdina (Hymenoptera: Formicidae) and Odontotermes sp. (Isoptera: Termitidae): Two preferred edible insects of Arunachal Pradeshw,"Pharmacological potential of ants and their symbionts – a review Surbhi Agarwal, Garima Sharma, Kavita Verma, Narayanan Latha, Vartika Mathur",,,
55,Orthoptera,Insecta,Giant water scavenger(1),Gryllidae,Gryllus,Gryllus campestris,Animalia,,nymphs,,,Arunachal Pradesh,nymph and adult are consumed in fried form.,Edible,"Chopard, L (1969) Orthoptera Vol. 2. Gryllidae, 421pp. In: Sewill, R.B.S (ed.). The Fauna of India and the adjacent countries. Zoological Survey of India, Calcutta (Baptist Mission Press).",,,,
56,Orthoptera,Insecta,Coreid Bug(3),Gryllidae,Brachytrupes,Brachytrupes orientalis,Animalia,15.18%,nymph and adult,6.33%,8.75%,Nagaland,nymph and adult are consumed in fried form.,Edible,"Edible Crickets (Orthoptera) Around the World: Distribution, Nutritional Value, and Other Benefits—A Review Henlay J. O. Magara, Saliou Niassy, Mary A. Orinda, Nanna Roos, and Sunday Ekesi","Nutritional composition of Chondacris rosea and Brachytrupes orientalis: Two common insects used as food by tribes of Arunachal Pradesh, India Jharna Chakravorty a, Sampat Ghosh a, Chuleui Jung b, V.B. Meyer-Rochow c",,,
57,Orthoptera,Insecta,Common Skink,Gryllidae,Meloimorpha,Meloimorpha cincticornis,Animalia,,Adult insects,,,Nagaland,Adult insects are consumed in fried form.,Edible,"Edible Crickets (Orthoptera) Around the World: Distribution, Nutritional Value, and Other Benefits—A Review Henlay J. O. Magara* Saliou Niassy Monica A. Ayieko Mukundi Mukundamago James P. Egonyu Chrysantus M. Tanga Emily K. Kimathi Jackton O. Ongere",http://www.forest.cg.gov.in/WildLife//media/Achanakmar_draft%20new.pdf,,,
58,Orthoptera,Insecta,Asian widow,Gryllidae,Palpopleura,Palpopleura sexmaculata,Animalia,,"Larvae, Pupae",,,"Arunachal Pradesh, Nagaland",larvae and pupae are consumed in fried and curry forms.,Edible,"Exploring of dragonfly fauna in lower region of district Karak KP, Pakistan Khalid Usman",A review on edible insects and their utilization in Northeastern Himalaya Dr. Veronica Kadam,"Pea soluble polysaccharide improves stability of acidic pea protein dispersions Minh Tuan Tran, Akihiro Nakamura, Ruifen Li, Milena Corredig",,
59,Orthoptera,Insecta,Stink bug,Gryllidae,Schizodactylus,Schizodactylus monstrosa,Animalia,,,,,Manipur,,,,,,,
60,Orthoptera,Insecta,Termite,Gryllidae,Tarbinskiellus,Tarbinskiellus portentosus,Animalia,,,,,Assam,,,,,,,
61,Orthoptera,Insecta,True water beetle,Gryllidae,Tramea,Tramea basilaris,Animalia,,,,,Manipur,,,,,,,
62,Orthoptera,Insecta,Short horn grasshopper,Gryllotalpidae,Pseudagrion,Pseudagrion microcephalum,Animalia,,,,,Assam,,,,,,,
63,Lepidoptera,Insecta,Banana skipper(1),Herperiidae,Erionota,Erionota torus,Animalia,,Larvae,,,Assam,larvae are consumed in fried and curry forms.,Edible,Erionota torus (banana skipper) M Cock,,,,
64,Hemiptera,Insecta,Hornet,Hydrometridae,Hydrometridae,Hydrometridae greeni(1),Animalia,,nymph and adult,25.33%,,Nagaland,nymph and adult are consumed in fried and roasted form.,Edible,"ENTOMOPHAGY PRACTICES AMONG THE ETHNIC COMMUNITIES OF MANIPUR, NORTH-EAST INDIA T. SHANTIBALA1*, R.K. LOKESHWARI, H. DEBARAJ SHARMA1",,,13.29%,
65,Coleoptera,Insecta,Japanese giant hornet,Hydrophilidae,Hydrous,Hydrous indicus,Animalia,,Adult insects,,,Arunachal Pradesh,Adult insects are consumed in fried form.,Medicinal(cure dog bite and tumour) and Edible,Common wealth scientific and industrial research organisation (CSIRO)(2004): Water for a healthy country – family Dytiscidae,,,,
66,Coleoptera,Insecta,Jewel beetle,Hydrophilidae,Hydrous,Hydrous olivaceous,Animalia,,Adult insects,,,Arunachal Pradesh,Adult insects are consumed in fried form.,Medicinal(cure dog bite and tumour) and Edible,"Kajmi, S. S and Ramamurthy, V.V, 2004, Coleoptera (Insecta) fauna from the Indian thar disert, Rajasthan, Zoos Print Journal 19 (4):1447-1448.",,,,
67,Odonata,Insecta,Dragonfly(8),Libellulidae,Diplacodes,Diplacodes trivialis,Animalia,,nymphs,,,"Manipur,Nagaland",The nymphs are the common stage for eating. They are consumed in fried form.,"Medicinal( Cure body aches, colds)  and Edible","Identification guide to the Australian Odonata Published by Department of Environment, Climate Change and Water, 59–61 Goulburn Street Sydney,PO Box A290 Sydney South 1232.",,,,
68,Odonata,Insecta,Pentatomid bug,Libellulidae,Orthetrum,Orthetrum triangulare(1),Animalia,,nymphs,,,Nagaland,The nymphs are the common stage for eating. They are consumed in fried form.,Medicinal(Live adult insects are crushed on nail injury to heal) and Edible,"Subramanian, K, A. 2005, Dragonflies and Damselflies of Peninsular India A Field Guide, Project Lifescape Series Editor: Madhav Gadgil",,,,
69,Odonata,Insecta,Red Ant,Libellulidae,Pantala,Pantala flavescens,Animalia,9.60%,nymphs,4.93%,,"Arunachal Pradesh, Assam, Manipur, Nagaland",The nymphs are the common stage for eating. They are consumed in fried form.,Medicinal(Live adult insects are crushed on nail injury to heal) and Edible,"J. H. Hawking, B. A. Ingram: Rate of larval development of Pantala flavescens (Fabricius) at its southern limit of range in Australia. (Odonata: Libellulidae). In: Odonatologica. 23, 29 November 2011, ISSN 0375-0183, p. 63-68.",,,,
70,Odonata,Insecta,Dragonfly(9),Libellulidae,Crocothemis,Crocothemis servilia,Animalia,1.18,Adult insects,,,"Manipur, Arunachal Pradesh, Nagaland, Manipur",The nymphs are the common stage for eating. They are consumed in fried form.,Medicinal(Live adult insects are crushed on nail injury to heal them.) and Edible,"Fraser, F.C (1936). The Fauna of British India, including Ceylon and Burma Odanta. Vols I-III. Taylor and Francis Ltd., London.",,,70.48%,
71,Odonata,Insecta,Fulvous forest skimmer,Libellulidae,Neurothemis,Neurothemis fulvia,Animalia,,nymph and adult,,,Assam,nymph are consumed in fried form.,Edible,"Unravelling the potential of insects for medicinal purposes – A comprehensive review Shahida Anusha Siddiqui a,b,**, Chujun Li, Owusu Fordjour Aidoo Ito Fernando Moawiya A. Haddad Jorge A.M. Pereira Andrey Blinov Andrey Golik  Jose S.Camara",Edible dragonflies and damselflies (order Odonata) as human food – A comprehensive review Shahida Anusha SiddiquiKwasi Asante Norhayati NgahYuniar Rizky Saraswati Roberto Castro-Muñoz,,,
72,Odonata,Insecta,Pentatomid bug(1),Libellulidae,Orthetrum,Orthetrum sabina(1),Animalia,,nymphs,,,Assam,nymphs are consumed.,Edible,"Edible Insects as a Protein Source: A Review of Public Perception, Processing Technology, and Research Trends Tae-Kyung Kim, Hae In Yong, Young-Boong Kim, Hyun-Wook Kim, Yun-Sang Choi","Unravelling the potential of insects for medicinal purposes – A comprehensive review Shahida Anusha Siddiqui, Chujun Li Owusu Fordjour Aidoo, Ito Fernando, Moawiya A. Haddad, Jorge A.M. Pereira, Andrey Blinov Andrey Golik and José S. Câmarah",,36%,
73,Odonata,Insecta,Blue chaser,Libellulidae,Potamarcha,Potamarcha congener,Animalia,,nymphs,,,Arunachal Pradesh,The nymphs of the dragonfly Potamarcha congener are edible.,Edible,"Traditional Knowledge of the Utilization of Edible Insects in Nagaland, North-East India Lobeno Mozhui, L.N. Kakati, Patricia Kiewhuo, and Sapu Changkija",https://indiabiodiversity.org/species/show/228025,,,
74,Odonata,Insecta,Two striped grasshopper,Libellulidae,Tramea,Tramea basilaris(1),Animalia,,,,,Nagaland,,,,,,,
75,Odonata,Insecta,Water beetle,Libellulidae,Urothemis,Urothemis signata,Animalia,,,,,"Nagaland, Manipur, Assam",,,,,,,
76,Coleoptera,Insecta,Stag beetle,Lucanidae,Lucanus,Lucanus laminifer,Animalia,,Adult insects,,,Arunachal Pradesh,Adult insects are roasted or fried with oil.,Edible,"A review on edible insects and their utilization in Northeastern Himalaya Rojeet Thangjam, Veronica Kadam, Kennedy Ningthoujam and Mareena Sorokhaibam",,,,
77,Dictyoptera,Insecta,Preying mantis(2),Mantidae,Heirodula,Heirodula coarctata,Animalia,,nymph and adult,,,"Nagaland, Manipur",nymph and adult are consumed in fried form.,Edible,"Lyon, W. (1991): Praying Mantis. Ohio State University Extension Fact Sheet.",,,,
78,Dictyoptera,Insecta,Praying mantis,Mantidae,Mantis,Mantis religiosa,Animalia,,"Adults, Eggs",,2.06%,Nagaland,Eggs are consumed.,Medical(improve immunity and diuretics to improve urinary dysfunction) and Edible,"Nutritional Composition of Edible Insects Consumed in Africa: A Systematic Review Zabentungwa T. Hlongwane,* Rob Slotow, and Thinandavha C. Munyai",A minireview of the medicinal and edible insects from the traditional Chinese medicine (TCM) Enming ZhangxEnming Zhang Xin Ji Xin Ji Fang OuyangFang Ouyang Yang LeiYang Lei Shun Deng Haibo Rong Xuangen DengXuangen Deng Hai ShenHai Shen,,13.10%,
79,Dictyoptera,Insecta,Termite(1),Mantidae,Tenodera,Tenodera sinensis,Animalia,,,,,Arunachal Pradesh,,,,,,,
80,Hemiptera,Insecta,House cricket(1),Nepidae,Hydrometridae,Hydrometridae greeni,Animalia,,nymph and adult,25.33%,,Nagaland,nymph and adult are consumed in fried and roasted form.,13.29%,Edible,"ENTOMOPHAGY PRACTICES AMONG THE ETHNIC COMMUNITIES OF MANIPUR, NORTH-EAST INDIA T. SHANTIBALA1*, R.K. LOKESHWARI, H. DEBARAJ SHARMA2",,,
81,Lepidoptera,Insecta,Dragonfly(10),Notodontidae,Diplonychus,Diplonychus rusticus,Animalia,3.20%,Adult insects,28%,,Manipur,Adult insects are consumed in roasted form.,Medicinal and Edible,"Zettel, H and Tran, A.D, 2009, First inventory of water bugs (Heteroptera:Nepomorpha:Gerromorpha) of Lankawi Island, Kedah, Malaysia, The Raffles Bulletin of Zoology 57(2): 279-295.",,,57.70%,
82,Hemiptera,Insecta,Backswimmer(2),Notonectidae,Enithares,Enithares ciliata,Animalia,,Adult insects,,,Arunachal Pradesh,Adult insects are consumed in fried form.,Edible,A review on edible insects and their utilization in Northeastern Himalaya Dr. Veronica Kadam,,,,
83,Hemiptera,Insecta,Field cricket,Notonectidae,Enithares,Enithares mandalayensis,Animalia,,Adult insects,,,"Arunachal Pradesh, Manipur",Adult insects are consumed in fried form.,Edible,A review on edible insects and their utilization in Northeastern Himalaya Dr. Veronica Kadam,,,,
84,Hemiptera,Insecta,Dragonfly(11),Pentatomidae,Coridius,Coridius viduatus,Animalia,,Adult insects,,,Manipur,Adult insects are consumed in raw form.,Edible,"Durai, P. S. S. 1987. A revision of the Dinidoridae of the world (Hetreoptera: Pentatomoidea). Orient. insects. 21: 163-363.",,,,
85,Hemiptera,Insecta,Cricket,Pentatomidae,Chinavia,Chinavia hilaris,Animalia,,nymphs,,,Nagaland,Nymphs are consumed in fried form.,Edible,"https://www.sanbi.org/animal-of-the-week/edible-stinkbug/#:~:text=Edible%20stinkbugs%20have%20been%20served,the%20Mapulana%20people%20of%20Mpumalanga.",,,,
86,Hemiptera,Insecta,Yellow marmorated stink bug,Pentatomidae,Erthesina,Erthesina fullo,Animalia,,"Adult insects, Larvae",,,Assam,"The abdomen is typically roasted, fried, or boiled before consumption and larvae can be eaten raw, roasted, or fried.",Edible,"Biology, Ecology, and Management of Erthesina fullo (Hemiptera: Pentatomidae): A Review by Qianqian Mi 1,Jinping Zhang Jinping Zhang, Elaine Gould, Juhong Chen,Zhitan Sun andFeng Zhang",,,,
87,Hemiptera,Insecta,Larger stink bug,Pentatomidae,Eurostus,Eurostus grossipes,Animalia,,Adult insects,,,Manipur,"The abdomen is typically roasted, fried, or boiled before consumption.",Edible,"A review on edible insects and their utilization in Northeastern Himalaya  Rojeet Thangjam, Veronica Kadam, Kennedy Ningthoujam and Mareena Sorokhaibam",,,,
88,Hemiptera,Insecta,Poly-phagous pest,Pentatomidae,Halyomorpha,Halyomorpha picus,Animalia,,All Stages,,,Nagaland,Removing its wings and appendages and roasted.,Edible,"Entomophagy Diversity in India: a Review, International Journal of Emerging Technologies and Innovative Research (www.jetir.org), ISSN:2349-5162, Vol.6","Comparative Survey of Entomophagy and Entomotherapeutic Practices in Six Tribes of Eastern Arunachal Pradesh (India) Jharna Chakravorty, Sampat Ghosh & V Benno Meyer-Rochow",,,
89,Hemiptera,Insecta,Plant-eating stink bug,Pentatomidae,Nezara,Nezara viridula,Animalia,,Adult insects,,,Nagaland,Adult insects are consumed after being boiled with water.,Edible,https://royalbrinkman.com/knowledge-center/crop-protection-disinfection/control-southern-green-stink-bug,https://www.backpacker.com/survival/12-edible-bugs-that-could-help-you-survive/,,,
90,Hemiptera,Insecta,Stink bug(1),Pentatomidae,Rhynchoris,Rhynchoris humeralis,Animalia,,,,,Arunachal Pradesh,,,,,,,
91,Hemiptera,Insecta,Termite(2),Pentatomidae,Tessaratoma,Tessaratoma javanica,Animalia,,,,,Arunachal Pradesh,,,,,,,
92,Hemiptera,Insecta,Termite(3),Pentatomidae,Tessaratoma,Tessaratoma quadrata,Animalia,,,,,Assam,,,,,,,
93,Hemiptera,Insecta,Giant water bug(1),Pyrrhocoridae,Antilochus,Antilochus coquebertii,Animalia,45%,Adult insects,25%,,"Arunachal Pradesh, Nagaland",Adult insects are consumed in fried form.,Edible,"An Assessment of the Nutritional Quality and Future Prospects of Aplosonyx Chalybaeus and Aeolesthes Holosericea (Coleoptera) in Nagaland, India Anungla Pongener Bendang Sarat Chandra Yenisetti",,,12%,
94,Hemiptera,Insecta,Limbatus beetle,Pyrrhocoridae,Dalader,Dalader acuticosta,Animalia,,Adult insects,,,Nagaland,Adult insects are consumed in fried form.,Edible,"Practices of entomophagy and entomotherapy by members of the Nyishi and Galo tribes, two ethnic groups of the state of Arunachal Pradesh (North-East India) Jharna Chakravorty, Sampat Ghosh & Victor Benno Meyer-Rochow",,,,
95,Hemiptera,Insecta,Mulberry silkworm,Pyrrhocoridae,Mictis,Mictis tenebrosa,Animalia,,nymph and adult,,,Arunachal Pradesh,Nymphs are consumed in fried form.,Edible,"Comparative Survey of Entomophagy and Entomotherapeutic Practices in Six Tribes of Eastern Arunachal Pradesh (India) Jharna Chakravorty, Sampat Ghosh, V Benno Meyer-Rochow","Therapeutic arthropods and other, largely terrestrial, folk-medicinally important invertebrates: a comparative survey and review V. Benno Meyer-Rochow",,,
96,Lepidoptera,Insecta,Black tailed hornet,Saturniidae,Antheraea,Antheraea proylei,Animalia,,"Larvae, Pupae",,,"Nagaland, Arunachal Pradesh","Larvae and pupae are consumed in fried, roasted, and curry forms.",Edible,"Kaushal, B.R., Joshi, R., Shamil, A., Kalia and Joshi, P.C. 1988. Energy budget of Antheraea proylei (jolly) and Quercus leucotrichophora (Lepidoptera: Saturniidae) J. Anim. Physiol. 35(2): 164-178.",,,,
97,Lepidoptera,Insecta,Muga silkworm,Saturniidae,Antheraea,Antheraea assamensis,Animalia,,Pupae,,,Nagaland,Pupae are consumed in fried and roasted forms.,Edible,"Antioxidant and antigenotoxic effects of pupae of the muga silkworm Antheraea assamensis panelMeetali Deori, Dulal Chandra Boruah, Dipali Devi, Rajlakshmi Devi",,,,
98,Lepidoptera,Insecta,Eri silkworm,Saturniidae,Philosamia,Philosamia ricini,Animalia,,"eggs, larvae, pupae",,5.85%,Nagaland,"Eggs, larvae, pupae can be consumed in fried form.",Edible,"https://cisr.ucr.edu/entomophagy-eating-insects#:~:text=Entomophagy%20is%20the%20technical%20term,eat%20for%20thousands%20of%20years.","Edible insects: As traditional medicine for human wellness Wahengbam Deepanita Devi, Rajkumari Bonysana, Kokho Kapesa, Pulok Kumar Mukherjee, Yallappa Rajashekar",,,
99,Coleoptera,Insecta,Sugarcane white grub,Scarabaeidae,Lepidiota,Lepidiota stigma,Animalia,4.30%,Adult insects,42.20%,4.60%,Manipur,Adult insects are consumed in fried form.,Edible,"https://www.echocommunity.org/resources/9ea1bc63-d942-4a27-a141-240a302f5dac#:~:text=%E2%80%9CAfter%20interviewing%20several%20farmers%2C%20it,large%20grubs%20and%20consume%20them.",,,,
100,Coleoptera,Insecta,Yellow jackets,Scarabaeidae,Xylotrupes,Xylotrupes gideon,Animalia,,,,,"Arunachal Pradesh,Nagaland",,,,,,,
101,Isoptera,Insecta,Water beetle(1),Termitidae,Udonga,Udonga montana,Animalia,,,,,Arunachal Pradesh,,,,,,,
102,Orthoptera,Insecta,Mole cricket,Tettigoniidae,Mecopoda,Mecopoda elongata,Animalia,,Adult insects,,,"Manipur, Assam",Adults are consumed in fried form.,Medicinal and Edible,"Bugrov, A.G. 1, Warchalowska-Sliwa, E., G. Ito , Tchernykh, A. And M Maryati,2004, Karyotype And C-Banding Patterns Of The Katydid Mecopoda Elongata (L.) (Orthoptera, Tettigoniidae).",,,,
103,Orthoptera,Insecta,Stag beetle(1),Tettigoniidae,Pseudophyllus,Pseudophyllus titan,Animalia,,,,,Arunachal Pradesh,,,,,,,
104,Hymenoptera,Insecta,Water beetle(2),Vespidae,Vespa,Vespa affinis,Animalia,,"Larvae, Pupae",,,Manipur,Larvae and pupae are consumed in fried and curry forms.,Edible,http://zipcodezoo.com/Animals/V/Vespa_affinis/,,,,
105,Hymenoptera,Insecta,Water beetle(3),Vespidae,Vespa,Vespa basalis,Animalia,,"Larvae, Pupae",,,Manipur,Larvae and pupae are consumed in fried and curry forms.,Edible,Larvae and pupae are consumed in fried and curry forms.,,,,
106,Hymenoptera,Insecta,Water strider,Vespidae,Vespa,Vespa vulgaris,Animalia,,"Larvae, Pupae",,,Manipur,Larvae and pupae are consumed in fried and curry forms.,Edible,"Kenichi, N, Cultural and commercial roles of edible wasps in Japan In Proceedings of a workshop on Asia-Pacific resources and their potential for development: 19-21 February 2008, ed. Durst P.B., Johnson, D., Leslie, R.N., Shono, K., Thailand, pp123-130.",,,,
107,Hymenoptera,Insecta,Water scavenger(1),Vespidae,Polistes,Polistes olivaceus,Animalia,,"Larvae, Pupae",,,Arunachal Pradesh,Larvae and pupae are consumed in fried and curry forms.,Edible,"Wang yun-zhen, Dong Da-zhi, Lu Yuan et al, 1998. Studies on the quantitative analysis of amino acids of wasps Vespa velutina auraria Smith and Vespa tripoca ducalis Smith. Zoological Research, 9(2):140-170.",,,,
108,Hymenoptera,Insecta,Lesser paper wasp,Vespidae,Parapolybia,Parapolybia varia,Animalia,,"Larvae, Pupae",15%,,Arunachal Pradesh,Larvae and pupae are consumed.,Edible,"Diversity of edible insects in a Natural World Heritage Site of India: entomophagy attitudes and implications for food security in the region Jayanta Kr Das, Arup Kumar Hazarika, Unmilan Kalita, Subhash Khanna, Tarali Kalita and Sangeeta Choudhury","Diversity of edible insects consumed by ethnic tribes in Baksa District of Assam, India Jayanta Kr. Das",,,
109,Hymenoptera,Insecta,Tropical paper wasp,Vespidae,Polistes,Polistes stigmata,Animalia,11%,Adult insects,7.05%,15.30%,"Nagaland, Arunachal Pradesh","The whole body, except for the wings and legs",24.40%,Edible Insects of Nagaland and Its Nutritional Benefit Lily Singson,"https://www.inaturalist.org/posts/17119-polistes-common-names-and-other-curiosities#:~:text=&text=Tropical%20Paper%20Wasp%20%2D%20This%20common,China%2C%20India%2C%20and%20Indonesia.",,,
110,Hymenoptera,Insecta,Water beetle(4),Vespidae,Vespa,Vespa auraria,Animalia,,,,,Manipur,,,,,,,
111,Hymenoptera,Insecta,Water bug,Vespidae,Vespa,Vespa cincta,Animalia,,,,,Manipur,,,,,,,
112,Hymenoptera,Insecta,Water measurer,Vespidae,Vespa,Vespa cincta(1),Animalia,,,,,Manipur,,,,,,,
113,Hymenoptera,Insecta,Water scavenger,Vespidae,Vespa,Vespa ducalis,Animalia,,,,,Nagaland,,,,,,,
114,Hymenoptera,Insecta,Water scavenger(2),Vespidae,Vespa,Vespa mandarinia,Animalia,,,,,"Nagaland, Assam, Manipur",,,,,,,
115,Hymenoptera,Insecta,Water scorpion,Vespidae,Vespa,Vespa orientalis,Animalia,,,,,Nagaland,,,,,,,
116,Hymenoptera,Insecta,Water scorpion(1),Vespidae,Vespa,Vespa soror,Animalia,,,,,Manipur,,,,,,,
117,Hymenoptera,Insecta,Water scorpion(2),Vespidae,Vespa,Vespa tropica,Animalia,,,,,Manipur,,,,,,,
118,Hymenoptera,Insecta,Water scorpion(3),Vespidae,Vespa,Vespa tropicana,Animalia,,,,,Manipur,,,,,,,
119,Arthropoda,Insecta,"Funeral Jewel Beetle
",BuprestidaeInsecta,Chrysobothris,Chrysobothris funebris,Animalia,,,,,,,,Wageningen University,,,,
120,Arthropoda,Insecta,Interrupted Jewel Beetle,Buprestidae,Agrilus,Agrilus interrupta,Animalia,,,,,Worldwide,,,Wageningen University,,,,
121,Arthropoda,Insecta,Orissa Jewel Beetle,Buprestidae,Sternocera,Sternocera orissa,Animalia,,,,,Asia,,,Wageningen University,,,,
122,Arthropoda,Insecta,Confinis Longhorn Beetle,Cerambycidae,Anoplophora,Anoplophora confinis,Animalia,,,,,Worldwide,,,Wageningen University,,,,
123,Arthropoda,Insecta,Capensis Longhorn Beetle,Cerambycidae,Neoplocaederus,Neoplocaederus capensis,Animalia,,,,,Worldwide,,,Wageningen University,,,,
124,Arthropoda,Insecta,Maculatus Longhorn Beetle,Cerambycidae,Monochamus,Monochamus maculatus,Animalia,,,,,Worldwide,,,Wageningen University,,,,
125,Arthropoda,Insecta,Trifasciata Longhorn Beetle,Cerambycidae,Trichoferus,Trichoferus trifasciata,Animalia,,,,,Worldwide,,,Wageningen University,,,,
126,Arthropoda,Insecta,Tribulus Longhorn Beetle,Cerambycidae,Sternidius,Sternidius tribulus,Animalia,,,,,Worldwide,,,Wageningen University,,,,
127,Arthropoda,Insecta,Edulis Longhorn Beetle,Cerambycidae,Batocera,Batocera edulis,Animalia,,,,,"Asia, Africa, and Oceania",,,Wageningen University,,,,
128,Arthropoda,Insecta,Downes Longhorn Beetle,Cerambycidae,Phoracantha,Phoracantha downesi,Animalia,,,,,Australia,,,Wageningen University,,,,
129,Arthropoda,Insecta,Titan Beetle,Cerambycidae,Titanus,Titanus gigas,Animalia,,,,,Central and South America,,,Wageningen University,,,,
130,Arthropoda,Insecta,Downes Longhorn Beetle,Cerambycidae,Dorysthenes,Dorysthenes downesi,Animalia,,,,,Australia,,,Wageningen University,,,,
131,Arthropoda,Insecta,Confinus Longhorn Beetle,Cerambycidae,Megacyllene,Megacyllene confinus,Animalia,,,,,North America,,,Wageningen University,,,,
132,Arthropoda,Insecta,Maculatus Longhorn Beetle,Cerambycidae,Typocerus,Typocerus maculatus,Animalia,,,,,North America,,,Wageningen University,,,,
133,Arthropoda,Insecta,Aulicus Longhorn Beetle,Cerambycidae,Pachyteria,Pachyteria aulicus,Animalia,,,,,Australia,,,Wageningen University,,,,
134,Arthropoda,Insecta,Equestris Weevil,Curculionidae,Curculio,Curculio equestris,Animalia,,,,,Worldwide,,,Wageningen University,,,,
135,Arthropoda,Insecta,Plumbeus Weevil,Curculionidae,Otiorhynchus,Otiorhynchus plumbeus,Animalia,,,,,Worldwide,,,Wageningen University,,,,
136,Arthropoda,Insecta,Aloysii-sabaudiae Weevil,Curculionidae,Phyllobius,Phyllobius aloysii-sabaudiae,Animalia,,,,,Europe,,,Wageningen University,,,,
137,Arthropoda,Insecta,Monachus Weevil,Curculionidae,Otiorhynchus,Otiorhynchus monachus,Animalia,,,,,Worldwide,,,Wageningen University,,,,
138,Arthropoda,Insecta,African Palm Weevil,Curculionidae,Rhynchophorus,Rhynchophorus phoenicis,Animalia,,,,,"Africa, Asia, and parts of Europe",,,Wageningen University,,,,
139,Arthropoda,Insecta,Distinctus Water Beetle,Dytiscidae,Dytiscus,Dytiscus distinctus,Animalia,,,,,Worldwide,,,Wageningen University,,,,
140,Arthropoda,Insecta,Sticticus Water Beetle,Dytiscidae,Hydroporus,Hydroporus sticticus,Animalia,,,,,Worldwide,,,Wageningen University,,,,
141,Arthropoda,Insecta,Latus Water Beetle,Hydrophilidae,Hydrochara,Hydrochara latus,Animalia,,,,,Worldwide,,,Wageningen University,,,,
142,Arthropoda,Insecta,Giant Acacia Click Beetle,Elateridae,Semiotus,Semiotus flabellicornis,Animalia,,,,,Africa,,,Wageningen University,,,,
143,Arthropoda,Insecta,,Hydrophilidae,Hydrobiomorpha,Hydrobiomorpha senegalensis,Animalia,,,,,"Africa, and parts of",,,Wageningen University,,,,
144,Arthropoda,Insecta,Serricornis Stag Beetle,Lucanidae,Prosopocoilus,Prosopocoilus serricornis,Animalia,,,,,Asia,,,Wageningen University,,,,
145,Arthropoda,Insecta,Centaurus Rhinoceros Beetle,Scarabaeidae,Xylotrupes,Xylotrupes centaurus,Animalia,,,,,Asia,,,Wageningen University,,,,
146,Arthropoda,Insecta,Abbreviata Flower Beetle,Scarabaeidae,Anomala,Anomala abbreviata,Animalia,,,,,Worldwide,,,Wageningen University,,,,
147,Arthropoda,Insecta,Varians Flower Beetle,Scarabaeidae,Anthrenus,Anthrenus varians,Animalia,,,,,Worldwide,,,Wageningen University,,,,
148,Arthropoda,Insecta,Cacicus Goliath Beetle,Scarabaeidae,Goliathus,Goliathus cacicus,Animalia,,,,,Africa,,,Wageningen University,,,,
149,Arthropoda,Insecta,Regius Goliath Beetle,Scarabaeidae,Goliathus,Goliathus regius,Animalia,,,,,Africa,,,Wageningen University,,,,
150,Arthropoda,Insecta,Boas Rhinoceros Beetle,Scarabaeidae,Xylotrupes,Xylotrupes boas,Animalia,,,,,Asia,,,Wageningen University,,,,
151,Arthropoda,Insecta,Monoceros Rhinoceros Beetle,Scarabaeidae,Xylotrupes,Xylotrupes monoceros,Animalia,,,,,Asia,,,Wageningen University,,,,
152,Arthropoda,Insecta,Manuka Beetle,Scarabaeidae,Oryctes,Oryctes nasicornis,Animalia,,,,,Europe,,,Wageningen University,,,,
153,Arthropoda,Insecta,Owariensis Rhinoceros Beetle,Scarabaeidae,Xylotrupes,Xylotrupes owariensis,Animalia,,,,,Asia,,,Wageningen University,,,,
154,Arthropoda,Insecta,Vossi Flower Beetle,Scarabaeidae,Anthrenus,Anthrenus vossi,Animalia,,,,,Africa,,,Wageningen University,,,,
155,Arthropoda,Insecta,Femoralis Dung Beetle,Scarabaeidae,Onthophagus,Onthophagus femoralis,Animalia,,,,,Worldwide,,,Wageningen University,,,,
156,Arthropoda,Insecta,Lake Fly or Phantom Midge,Chironomidae,Chironomus,Edulis edwards,Animalia,,,,,Lakes and freshwater habitats worldwide,,,Wageningen University,,,,
157,Arthropoda,Insecta,Lake Fly or Phantom Midge,Chironomidae,Pallidipes,Pallidipes Theob.,Animalia,,,,,Lakes and freshwater habitats worldwide,,,Wageningen University,,,,
158,Arthropoda,Insecta,Mayfly,Cicadellidae,Kungu,Kungu Kimm,Animalia,,,,,World wide,,,Wageningen University,,,,
159,Arthropoda,Insecta,Mayfly,Cicadellidae,Adusta,Adusta Navas,Animalia,,,,,World wide,,,Wageningen University,,,,
160,Arthropoda,Insecta,Tip wilter,Cicadellidae,Wahlbergi,Wahlbergi Stål,Animalia,,,,,Worldwide,,,Wageningen University,,,,
161,Arthropoda,Insecta,Melon bug,Coreidae,Leptoglossus,Leptoglossus viduatus,Animalia,,,,,"North and South America, Europe, Asia, and Africa",,,Wageningen University,,,,
162,Arthropoda,Insecta,Sudan millet bug,Miridae,Helopeltis,Helopeltis versicolor,Animalia,,,,,"Africa, Asia",,,Wageningen University,,,,
163,Arthropoda,Insecta,Edible stink bug,Pentatomidae,Encosternum,Encosternum delegorguei,Animalia,,,,,Africa,,,Wageningen University,,,,
164,Arthropoda,Insecta,Honey bee,Apidae,Apis,Apis mellifera adansoni,Animalia,,,,,Worldwide,,,Wageningen University,,,,
165,Arthropoda,Insecta,Honey bee,Apidae,Apis,Apis mellifera mellifera,Animalia,,,,,Worldwide,,,Wageningen University,,,,
166,Arthropoda,Insecta,Stingless bee,Apidae,Trigona,Trigona nebulata,Animalia,,,,,"Africa, Asia, Americas",,,Wageningen University,,,,
167,Arthropoda,Insecta,Stingless bee,Apidae,Tetragonula,Tetragonula erythra,Animalia,,,,,"Africa, Asia, Americas",,,Wageningen University,,,,
168,Arthropoda,Insecta,Stingless bee,Apidae,Melipona,Melipona ferruginea,Animalia,,,,,Central and South America,,,Wageningen University,,,,
169,Arthropoda,Insecta,Manuka Beetle,Heterotrigona,Heterotrigona,Heterotrigona richardsi,Animalia,,,,,"Malaysia, Thailand, and Indonesia",,,Wageningen University,,,,
170,Arthropoda,Insecta,Stingless bee,Apidae,Trigona,Trigona tescorum,Animalia,,,,,"Africa, Asia, Americas",,,Wageningen University,,,,
171,Arthropoda,Insecta,Stingless bee,Apidae,Lepidotrigona,Lepidotrigona staudingeri,Animalia,,,,,"Malaysia, Indonesia, and Thailand",,,Wageningen University,,,,
172,Arthropoda,Insecta,Stingless bee,Apidae,Trigona,Trigona gribodoi,Animalia,,,,,Southeast Asia,,,Wageningen University,,,,
173,Arthropoda,Insecta,Stingless bee,Apidae,Tetragonula,Tetragonula ruspolii,Animalia,,,,,"Africa, Asia, Americas",,,Wageningen University,,,,
174,Arthropoda,Insecta,Stingless bee,Apidae,Plebeina,Plebeina beccarii africana Stadelman,Animalia,,,,,Africa,,,Wageningen University,,,,
175,Arthropoda,Insecta,Stingless bee,Apidae,Heterotrigona,Heterotrigona beccarii,Animalia,,,,,"Malaysia, Indonesia, and Thailand",,,Wageningen University,,,,
176,Arthropoda,Insecta,Stingless bee,Apidae,Hypotrigona,Hypotrigona gambiana Moure,Animalia,,,,,Africa,,,Wageningen University,,,,
177,Arthropoda,Insecta,Stingless bee,Apidae,Hypotrigona,Hypotrigona bocandei,Animalia,,,,,Africa,,,Wageningen University,,,,
178,Arthropoda,Insecta,Stingless bee,Apidae,Hypotrigona,Hypotrigona ferruginea gambiensis Moure syn,Animalia,,,,,Africa,,,Wageningen University,,,,
179,Arthropoda,Insecta,Stingless bee,Apidae,Tetragonula,Tetragonula lendliana,Animalia,,,,,Asia and the Pacific Islands,,,Wageningen University,,,,
180,Arthropoda,Insecta,Stingless bee,Apidae,Trigona,Trigona nebulata,Animalia,,,,,"Africa, Asia, and the Americas",,,Wageningen University,,,,
181,Arthropoda,Insecta,Stingless bee,Apidae,Trigona,Trigona richardsi Darchen,Animalia,,,,,"Malaysia, Thailand, and Indonesia",,,Wageningen University,,,,
182,Arthropoda,Insecta,Stingless bee,Apidae,Tetragonula,Tetragonula lendliana,Animalia,,,,,"Malaysia, Indonesia and Philippines",,,Wageningen University,,,,
183,Arthropoda,Insecta,Stingless bee,Apidae,Trigona,Trigona occidentalis Darchen,Animalia,,,,,Asia and Pacific Islands,,,Wageningen University,,,,
184,Arthropoda,Insecta,Stingless bee,Apidae,Hypotrigona,Hypotrigona senegalensis Darchen,Animalia,,,,,Africa,,,Wageningen University,,,,
185,Arthropoda,Insecta,African thief ant,Formicidae,Solenopsis,Solenopsis vidua Smith,Animalia,,,,,Africa,,,Wageningen University,,,,
186,Arthropoda,Insecta,Driver ants,Formicidae,Dorylus,Dorylus nigricans Illiger,Animalia,,,,,Africa and Asia,,,Wageningen University,,,,
187,Arthropoda,Insecta,Weaver ants,Formicidae,Oecophylla,Oecophylla longinoda (Latr.),Animalia,,,,,"Africa, Asia, and Australia",,,Wageningen University,,,,
188,Arthropoda,Insecta,Egg fruit borer,Noctuidae,Leucinodes,Leucinodes laisalis,Animalia,,,,,Asia and Africa,,,Wageningen University,,,,
189,Chordata,Mammalia,Edible monkey,Cercopithecidae,Striphnopteryx,Striphnopteryx edulis,Animalia,,,,,Madagascar,,,Wageningen University,,,,
190,Arthropoda,Insecta,Pepper tree moth,Pyralidae,Hypsipyla,Hypsipyla pallida Distant,Animalia,,,,,"Asia, Africa, and the Americas",,,Wageningen University,,,,
191,Arthropoda,Insecta,Wild silkworm,Saturniidae,Antheraea,Antheraea cajani Vinson,Animalia,,,,,Asia and Africa,,,Wageningen University,,,,
192,Arthropoda,Insecta,Jameson's cream spot,Geometridae,Epimecis,Epimecis jamesoni Bethune-Baker,Animalia,,,,,Africa,,,Wageningen University,,,,
193,Arthropoda,Insecta,Dark chopper,Noctuidae,Helicoverpa,Helicoverpa postica Walker,Animalia,,,,,Australia,,,Wageningen University,,,,
194,Arthropoda,Insecta,Msasa moth,Eupterotidae,Gonimbrasia,Gonimbrasia robusta Aurivillius,Animalia,,,,,Africa,,,Wageningen University,,,,
195,Arthropoda,Insecta,Twin line lappet,Lasiocampidae,Trabala,Trabala bilinea Walker,Animalia,,,,,Asia,,,Wageningen University,,,,
196,Arthropoda,Insecta,African maize stalk borer,Crambidae,Busseola,Busseola fusca,Animalia,,,,,Africa,,,Wageningen University,,,,
197,Arthropoda,Insecta,Afro-Asian bollworm,Noctuidae,Helicoverpa,Helicoverpa armigera,Animalia,,,,,Asia and Africa,,,Wageningen University,,,,
198,Arthropoda,Insecta,Sundowner moth,Sphingidae,Agrius,Agrius convolvuli,Animalia,,,,,Worldwide,,,Wageningen University,,,,
199,Arthropoda,Insecta,African armyworm,Noctuidae,Spodoptera,Spodoptera exempta,Animalia,,,,,Africa,,,Wageningen University,,,,
200,Arthropoda,Insecta,Lesser armyworm,Noctuidae,Spodoptera,Spodoptera exigua,Animalia,,,,,Worldwide,,,Wageningen University,,,,
201,Arthropoda,Insecta,African silkworm,Lasiocampidae,Gonometa,Gonometa venata Butler,Animalia,,,,,Africa,,,Wageningen University,,,,
202,Arthropoda,Insecta,Lobed prominent,Notodontidae,Stauropus,Stauropus uniformis,Animalia,,,,,Asia,,,Wageningen University,,,,
203,Arthropoda,Insecta,Wild silkworm,Saturniidae,Antheraea,Antheraea cajani Vinson,Animalia,,,,,Asia,,,Wageningen University,,,,
204,Arthropoda,Insecta,Common bagworm,Psychidae,Thyridopteryx,Thyridopteryx moddermanni,Animalia,,,,,Africa,,,Wageningen University,,,,
205,Arthropoda,Insecta,Fangalabola,Erebidae,Diaphora,Diaphora malgassa Heylaerts,Animalia,,,,,Madagascar(southern Africa),,,Wageningen University,,,,
206,Arthropoda,Insecta,Common bagworm,Psychidae,Thyridopteryx,Thyridopteryx cervina Druce,Animalia,,,,,North and South America,,,Wageningen University,,,,
207,Arthropoda,Insecta,African moonmoth,Saturniidae,Argema,Argema mimosae,Animalia,,,,,Africa,,,Wageningen University,,,,
208,Arthropoda,Insecta,Common Emperor Moth,Nymphalidae,Charaxes,Charaxes alcinoë,Animalia,,,,,Africa,,,Wageningen University,,,,
209,Arthropoda,Insecta,Banded Emperor Moth,Saturniidae,Bunaea,Bunaea hyperbius,Animalia,,,,,Africa,,,Wageningen University,,,,
210,Arthropoda,Insecta,Pallid Emperor Moth,Nymphalidae,Charaxes,Charaxes forda,Animalia,,,,,Africa,,,Wageningen University,,,,
211,Arthropoda,Insecta,Pine Emperor Moth,Saturniidae,Nudaurelia,Nudaurelia cytherea,Animalia,,,,,Africa,,,Wageningen University,,,,
212,Arthropoda,Insecta,Willow Emperor Moth,Saturniidae,Bunaea,Bunaea tyrrhea,Animalia,,,,,Africa,,,Wageningen University,,,,
213,Arthropoda,Insecta,Death's-head Hawkmoth,Sphingidae,Acherontia,Acherontia atropos,Animalia,,,,,"Europe, Africa, and Asia",,,Wageningen University,,,,
214,Arthropoda,Insecta,Convolvulus Hawk Moth,Sphingidae,Agrius,Agrius convolvuli,Animalia,,,,,Worldwide,,,Wageningen University,,,,
215,Arthropoda,Insecta,Long-headed Grasshopper,Acrididae,Acrida,Acrida turrita,Animalia,,,,,"Africa, Asia, Europe",,,Wageningen University,,,,
216,Arthropoda,Insecta,Sudanese tree locust,Acrididae,Anacridium,Anacridium wernerellum,Animalia,,,,,Africa,,,Wageningen University,,,,
217,Arthropoda,Insecta,Sahelian tree locust,Acrididae,Anacridium,Anacridium melanorhodon,Animalia,,,,,Africa,,,Wageningen University,,,,
218,Arthropoda,Insecta,Senegalese grasshopper,Acrididae,Oedaleus,Oedaleus senegalensis,Animalia,,,,,Africa,,,Wageningen University,,,,
219,Arthropoda,Insecta,Large Rice Grasshopper,Acrididae,Hieroglyphus,Hieroglyphus daganensis Krauss,Animalia,,,,,Africa and Asia,,,Wageningen University,,,,
220,Arthropoda,Insecta,Madagascar Locust,Acrididae,Nomadacris,Nomadacris septemfasciata,Animalia,,,,,Madagascar,,,Wageningen University,,,,
221,Arthropoda,Insecta,African Migratory Locust,Acrididae,Locusta,Locusta migratoria migratorioides,Animalia,,,,,Africa,,,Wageningen University,,,,
222,Arthropoda,Insecta,Brown Locust,Acrididae,Locustana,Locustana pardali,Animalia,,,,,South Africa,,,Wageningen University,,,,
223,Arthropoda,Insecta,Red Locust,Acrididae,Nomadacris,Nomadacris septemfasciata,Animalia,,,,,South Africa,,,Wageningen University,,,,
224,Arthropoda,Insecta,Desert Locust,Acrididae,Schistocerca,Schistocerca gregaria,Animalia,,,,,Africa and Asia,,,Wageningen University,,,,
225,Arthropoda,Insecta,Giant Cricket,Gryllidae,Brachytrupes,Brachytrupes membranaceus,Animalia,,,,,Africa,,,Wageningen University,,,,
226,Arthropoda,Insecta,Two-spotted Cricket,Gryllidae,Gryllus,Gryllus bimaculatus DeGeer,Animalia,,,,,Worldwide,,,Wageningen University,,,,
227,Arthropoda,Insecta,African Mole Cricket,Gryllotalpidae,Gryllotalpa,Gryllotalpa africana Palisot de Beauvois,Animalia,,,,,Africa,,,Wageningen University,,,,
228,Arthropoda,Insecta,Elegant Grasshopper,Pyrgomorphidae,Zonocerus,Zonocerus elegans,Animalia,,,,,Africa,,,Wageningen University,,,,
229,Arthropoda,Insecta,Variegated Grasshopper,Pyrgomorphidae,Zonocerus,Zonocerus variegatus,Animalia,,,,,Africa,,,Wageningen University,,,,
230,Arthropoda,Insecta,Edible Grasshopper,Tettigoniidae,Ruspolia,Ruspolia vicinus,Animalia,,,,,Africa,,,Wageningen University,,,,
231,Arthropoda,Insecta,Edible Grasshopper,Tettigoniidae,Ruspolia,Ruspolia differens,Animalia,,,,,Africa,,,Wageningen University,,,,
232,Arthropoda,Insecta,Huhu Beetle,Cerambycidae,Prionoplus,Prionoplus reticularis,Animalia,,,,,New Zealand,,,Wageningen University,,,,
233,Arthropoda,Insecta,Black Palm Weevil,Curculionidae,Rhynchophorus,Rhynchophorus bilineatus,Animalia,,,,,Africa and Asia,,,Wageningen University,,,,
234,Arthropoda,Insecta,Asian Palm Weevil,Curculionidae,Rhynchophorus,Rhynchophorus ferrugineus,Animalia,,,,,"India, Indonesia, and Malaysia",,,Wageningen University,,,,
235,Arthropoda,Insecta,Christmas Beetle,Scarabaeidae,Anoplognathus,Anoplognathus viridiaeneus,Animalia,,,,,Australia,,,Wageningen University,,,,
236,Arthropoda,Insecta,Manuka Beetle,Scarabaeidae,Pyronota,Pyronota festiva,Animalia,,,,,Australia New Zealand,,,Wageningen University,,,,
237,Arthropoda,Insecta,Banded Sugar Ant,Formicidae,Camponotus,Camponotus consobrinus,Animalia,,,,,Australia,,,Wageningen University,,,,
238,Arthropoda,Insecta,Honey Pot Ant,Formicidae,Camponotus,Camponotus inflatus,Animalia,,,,,Worldwide,,,Wageningen University,,,,
239,Arthropoda,Insecta,Honey Ant,Formicidae,Camponotus,Camponotus inflatus,Animalia,,,,,Worldwide,,,Wageningen University,,,,
240,Arthropoda,Insecta,Witjuti Grub,Cossidae,Endoxyla,Endoxyla leucomochla,Animalia,,,,,Australia,,,Wageningen University,,,,
241,Arthropoda,Insecta,Witjuti Grub,Cossidae,Endoxyla,Endoxyla leucomochla Turner,Animalia,,,,,Australia,,,Wageningen University,,,,
242,Arthropoda,Insecta,Bardi Grub,Cerambycidae,Ouroborus,Ouroborus marcidus Tindale,Animalia,,,,,Australia,,,Wageningen University,,,,
243,Arthropoda,Insecta,Puriri Moth,Hepialidae,Aenetus,Aenetus virescens,Animalia,,,,,New Zealand,,,Wageningen University,,,,
244,Arthropoda,Insecta,Bogong Moth,Noctuidae,Agrotis,Agrotis infusa,Animalia,,,,,Agrotis,,,Wageningen University,,,,
245,Arthropoda,Insecta,Australian Plague Locust,Acrididae,Chortoicetes,Chortoicetes terminifera,Animalia,,,,,Australia,,,Wageningen University,,,,
246,Arthropoda,Insecta,Migratory Locust,Acrididae,Locusta,Locusta migratoria migratorioides,Animalia,,,,,"Africa, Asia, Europe, Australia.",,,Wageningen University,,,,
247,Arthropoda,Insecta,Large Coast Locust,Acrididae,Chortoicetes,Chortoicetes irregularis,Animalia,,,,,Australia,,,Wageningen University,,,,
248,Arthropoda,Insecta,Giant Prickly Stick Insect,Phasmatidae,Extatosoma,Extatosoma tiaratum,Animalia,,,,,Australia,,,Wageningen University,,,,
249,Arthropoda,Insecta,Pine Sawyer Beetle,Cerambycidae,Monochamus,Monochamus spiculatus,Animalia,,,,,North America,,,Wageningen University,,,,
250,Arthropoda,Insecta,Spotted Pine Sawyer,Cerambycidae,Monochamus,Monochamus maculosus,Animalia,,,,,North America,,,Wageningen University,,,,
251,Arthropoda,Insecta,White-Spotted Sawyer Beetle,Cerambycidae,Monochamus,Monochamus scutellatus,Animalia,,,,,North America,,,Wageningen University,,,,
252,Arthropoda,Insecta,Western Ash Borer,Cerambycidae,Neoclytus,Neoclytus conjunctus,Animalia,,,,,North America,,,Wageningen University,,,,
253,Arthropoda,Insecta,Palmetto Weevil,Curculionidae,Rhynchophorus,Rhynchophorus cruentatus,Animalia,,,,,United States,,,Wageningen University,,,,
254,Arthropoda,Insecta,Northern Masked Chafer,Scarabaeidae,Cyclocephala,Cyclocephala borealis Arrow,Animalia,,,,,North America,,,Wageningen University,,,,
255,Arthropoda,Insecta,June Beetle,Scarabaeidae,Phyllophaga,Phyllophaga fusca,Animalia,,,,,North America,,,Wageningen University,,,,
256,Arthropoda,Insecta,Ten-Lined June Beetle,Scarabaeidae,Polyphylla,Polyphylla crinita LeConte,Animalia,,,,,North America,,,Wageningen University,,,,
257,Arthropoda,Insecta,Shore Fly,Ephydridae,Ephydra,Ephydra cinerea Jones,Animalia,,,,,Worldwide,,,Wageningen University,,,,
258,Arthropoda,Insecta,Alkali Fly,Ephydridae,Ephydra,Ephydra hians Say,Animalia,,,,,Worldwide,,,Wageningen University,,,,
259,Arthropoda,Insecta,Shore Fly,Muscidae,Ophyra,Ophyra aenescens,Animalia,,,,,Worldwide,,,Wageningen University,,,,
260,Arthropoda,Insecta,Shore Fly,Ephydridae,Ephydra,Ephydra hians Say,Animalia,,,,,Worldwide,,,Wageningen University,,,,
261,Arthropoda,Insecta,Bot Fly,Oestridae,Hypoderma,Hypoderma bovis,Animalia,,,,,Worldwide,,,Wageningen University,,,,
262,Arthropoda,Insecta,Warble fly,Oestridae,Hypoderma,Hypoderma lineatum,Animalia,,,,,"United States, Canada, Europe",,,Wageningen University,,,,
263,Arthropoda,Insecta,Reindeer warble fly,Oestridae,Hypoderma,Hypoderma tarandi,Animalia,,,,,"Europe, Asia, and North America",,,Wageningen University,,,,
264,Arthropoda,Insecta,Giant western crane fly,Tipulidae,Tipula,Tipula rubiginosa Loew,Animalia,,,,,"North America, United States and Canada",,,Wageningen University,,,,
265,Arthropoda,Insecta,Crane fly,Tipulidae,Tipula,Tipula quaylii,Animalia,,,,,North America,,,Wageningen University,,,,
266,Arthropoda,Insecta,Eastern toe biter,Belostomatidae,Lethocerus,americanus (Leidy),Animalia,,,,,North America,,,Wageningen University,,,,
267,Arthropoda,Insecta,Apache cicada,Cicadidae,Diceroprocta,apache (Davis),Animalia,,,,,North America,,,Wageningen University,,,,
268,Arthropoda,Insecta,Periodic Cicada,Cicadidae,Magicicada,Magicicada cassini (Fisher),Animalia,,,,,Eastern North America,,,Wageningen University,,,,
269,Arthropoda,Insecta,Periodic Cicada,Cicadidae,Magicicada,Magicicada septendecim (Linnaeus),Animalia,,,,,Eastern North America,,,Wageningen University,,,,
270,Arthropoda,Insecta,Periodic Cicada,Cicadidae,Magicicada,Magicicada septendecula (Alexander and Moore),Animalia,,,,,Eastern North America,,,Wageningen University,,,,
271,Arthropoda,Insecta,Periodic Cicada,Cicadidae,Magicicada,Magicicada tredecim (Walsh),Animalia,,,,,Eastern North America,,,Wageningen University,,,,
272,Arthropoda,Insecta,Periodic Cicada,Cicadidae,Magicicada,Magicicada tredecim (Riley),Animalia,,,,,Eastern North America,,,Wageningen University,,,,
273,Arthropoda,Insecta,Periodic Cicada,Cicadidae,Magicicada,Magicicada tredecim (Walsh),Animalia,,,,,Eastern North America,,,Wageningen University,,,,
274,Arthropoda,Insecta,Giant Skippers,Hesperiidae,Megathymus,Megathymus yuccae (Boisduval & Le Conte),Animalia,,,,,North America,,,Wageningen University,,,,
275,Arthropoda,Insecta,American Bollworm,Noctuidae,Helicoverpa,Helicoverpa zea (Boddie),Animalia,,,,,North and South America,,,Wageningen University,,,,
276,Arthropoda,Insecta,Fall Armyworm,Noctuidae,Spodoptera,Spodoptera frugiperda (Smith),Animalia,,,,,"Americas, Africa, Asia, and Oceania",,,Wageningen University,,,,
277,Arthropoda,Insecta,Pandora Moth,Saturniidae,Coloradia,Coloradia pandora (Blake),Animalia,,,,,western North America,,,Wageningen University,,,,
278,Arthropoda,Insecta,White-lined Sphinx Moth,Sphingidae,Hyles,Hyles lineata (Fabricius),Animalia,,,,,North and South America,,,Wageningen University,,,,
279,Arthropoda,Insecta,Tobacco Hornworm,Sphingidae,Manduca,Manduca sexta (Linnaeus),Animalia,,,,,North and South America,,,Wageningen University,,,,
280,Arthropoda,Insecta,Clear-winged Grasshopper,Acrididae,Camnula,Camnula pellucida (Scudder),Animalia,,,,,North America,,,Wageningen University,,,,
281,Arthropoda,Insecta,Two-striped Grasshopper,Acrididae,Melanoplus,Melanoplus bivittatus (Say),Animalia,,,,,North America,,,Wageningen University,,,,
282,Arthropoda,Insecta,Red-legged Grasshopper,Acrididae,Melanoplus,Melanoplus femurrubrum (DeGeer),Animalia,,,,,North America,,,Wageningen University,,,,
283,Arthropoda,Insecta,Lesser Migratory Grasshopper,Acrididae,Melanoplus,Melanoplus sanguinipes (Fabricius),Animalia,,,,,North America,,,Wageningen University,,,,
284,Arthropoda,Insecta,Rocky Mountain Grasshopper,Acrididae,Melanoplus,Melanoplus spretus (Walsh),Animalia,,,,,western United States,,,Wageningen University,,,,
285,Arthropoda,Insecta,Valley Grasshopper,Acrididae,Oedaleonotus,Oedaleonotus enigma (Scudder),Animalia,,,,,North America,,,Wageningen University,,,,
286,Arthropoda,Insecta,,,,,Animalia,,,,,,,,Wageningen University,,,,
287,Arthropoda,Insecta,jerusalem cricket,Stenopelmatidae,Ammopelmatus (formerly Stenopelmatus),Ammopelmatus fuscus,Animalia,,,,,western North America,,,Wageningen University,,,,
288,Arthropoda,Insecta,Mormon bush cricket,Gryllidae,Neoscapteriscus,Neoscapteriscus borellii,Animalia,,,,,South America,,,Wageningen University,,,,
289,Arthropoda,Insecta,California salmonfly,Pteronarcyidae,Pteronarcys,Pteronarcys californica,Animalia,,,,,western North America,,,Wageningen University,,,,
290,Arthropoda,Insecta,Brown huntsman spider,Sparassidae,Heteropoda,Heteropoda venatoria,Animalia,,,,,"Asia, Africa, the Americas, and Australia",,,Wageningen University,,,,
291,Arthropoda,Insecta,,,,,Animalia,,,,,,,,Wageningen University,,,,
292,Arthropoda,Insecta,Bird-eating spider,Theraphosidae,Theraphosa,Theraphosa blondi,Animalia,,,,,northern South America,,,Wageningen University,,,,
293,Arthropoda,Insecta,Ceiba borer beetle,BuprestidaeInsecta,Euchroma,Euchroma gigantea,Animalia,,,,,Central and South America,,,Wageningen University,,,,
294,Arthropoda,Insecta,Tiger beetle,Carabidae,Cicindela,Cicindela curvata,Animalia,,,,,worldwide,,,Wageningen University,,,,
295,Arthropoda,Insecta,Tiger beetle,Carabidae,Cicindela,Cicindela roseiventris,Animalia,,,,,worldwide,,,Wageningen University,,,,
296,Arthropoda,Insecta,Harlequin beetle,Cerambycidae,Acrocinus,Acrocinus longimanus,Animalia,,,,,Central and South America,,,Wageningen University,,,,
297,Arthropoda,Insecta,Agave weevil,Curculionidae,Scyphophorus,Scyphophorus acupunctatus,Animalia,,,,,North and Central America,,,Wageningen University,,,,
298,Arthropoda,Insecta,Agave weevil or sisal weevil,Curculionidae,Scyphophorus,Scyphophorus interstitialis,Animalia,,,,,North and Central America,,,Wageningen University,,,,
299,Arthropoda,Insecta,Cactus weevil,Curculionidae,Cactophagus,Cactophagus spinolae,Animalia,,,,,North and Central America,,,Wageningen University,,,,
300,Arthropoda,Insecta,Bearded weevil,Curculionidae,Rhyephenes,Rhyephenes barbirostris,Animalia,,,,,worldwide,,,Wageningen University,,,,
301,Arthropoda,Insecta,Palmetto weevil,Curculionidae,Rhynchophorus,Rhynchophorus cruentatus,Animalia,,,,,North and Central America,,,Wageningen University,,,,
302,Arthropoda,Insecta,South American palm weevil,Curculionidae,Rhynchophorus,Rhynchophorus palmarum,Animalia,,,,,South America,,,Wageningen University,,,,
303,Arthropoda,Insecta,Red flour beetle,Tenebrionidae,Tribolium,Tribolium castaneum,Animalia,,,,,worldwide,,,Wageningen University,,,,
304,Arthropoda,Insecta,Confused flour beetle,Tenebrionidae,Tribolium,Tribolium confusum,Animalia,,,,,worldwide,,,Wageningen University,,,,
305,Arthropoda,Insecta,Palembus beetle,Tenebrionidae,Palembus,Palembus dermestoides,Animalia,,,,,Asia,,,Wageningen University,,,,
306,Arthropoda,Insecta,Superworm,Tenebrionidae,Zophobas,Zophobas morio,Animalia,,,,,Central and South America,,,Wageningen University,,,,
307,Arthropoda,Insecta,German cockroach,Ectobiidae,Blattella,Blattella germanica,Animalia,,,,,worldwide,,,Wageningen University,,,,
308,Arthropoda,Insecta,American cockroach,Blattidae,Periplaneta,Periplaneta americana,Animalia,,,,,southern United States,,,Wageningen University,,,,
309,Arthropoda,Insecta,Australian cockroach,Blattidae,Periplaneta,Periplaneta australasiae,Animalia,,,,,Australia,,,Wageningen University,,,,
310,Arthropoda,Insecta,,,,,Animalia,,,,,,,,Wageningen University,,,,
311,Arthropoda,Insecta,Common fruit fly,Drosophilidae,Drosophila,Drosophila melanogaster,Animalia,,,,,worldwide,,,Wageningen University,,,,
312,Arthropoda,Insecta,Alkali fly,Ephydridae,Ephydra,Ephydra hians Say,Animalia,,,,,North America,,,Wageningen University,,,,
313,Arthropoda,Insecta,,,,,Animalia,,,,,,,,Wageningen University,,,,
314,Arthropoda,Insecta,Mexican fruit fly,Tephritidae,Anastrepha,Anastrepha ludens,Animalia,,,,,Mexico and Central America,,,Wageningen University,,,,
315,Arthropoda,Insecta,Giant water bug,Belostomatidae,Abedus,Abedus dilatatus,Animalia,,,,,North America,,,Wageningen University,,,,
316,Arthropoda,Insecta,Giant water bug,Belostomatidae,Lethocerus,Lethocerus ovatus,Animalia,,,,,Asia,,,Wageningen University,,,,
317,Arthropoda,Insecta,,,,,Animalia,,,,,,,,Wageningen University,,,,
318,Arthropoda,Insecta,Giant mesquite bug,Coreidae,Thasus,Thasus gigas,Animalia,,,,,southwestern United States and northern Mexico,,,Wageningen University,,,,
319,Arthropoda,Insecta,Water boatman,Notonectidae,Notonecta,Notonecta edulis,Animalia,,,,,worldwide,,,Wageningen University,,,,
320,Arthropoda,Insecta,Water boatman,Corixidae,Sigara,Sigara abdominalis,Animalia,,,,,worldwide,,,Wageningen University,,,,
321,Arthropoda,Insecta,Two-spotted backswimmer,Notonectidae,Notonecta,Notonecta bimaculata,Animalia,,,,,"Europe, Asia, Africa, and North America",,,Wageningen University,,,,
322,Arthropoda,Insecta,Water boatman,Corixidae,Notonecta,Notonecta femorata,Animalia,,,,,worldwide,,,Wageningen University,,,,
323,Arthropoda,Insecta,Backswimmer,Notonectidae,Notonecta,Notonecta unifasciata,Animalia,,,,,worldwide,,,Wageningen University,,,,
324,Arthropoda,Insecta,"Annual cicada, scissor grinder",Cicadidae,Neotibicen,Neotibicen pruinosus,Animalia,,,,,North America,,,Wageningen University,,,,
325,Arthropoda,Insecta,Spittlebug or froghopper,Aphrophoridae,Philaenus,Philaenus spumarius,Animalia,,,,,"Europe, North America, and parts of Asia",,,Wageningen University,,,,
326,Arthropoda,Insecta,Cochineal insect,Dactylopiidae,Dactylopius,Dactylopius confusus,Animalia,,,,,primarily in Mexico and South America,,,Wageningen University,,,,
327,Arthropoda,Insecta,Cochineal insect,Dactylopiidae,Dactylopius,Dactylopius coccus,Animalia,,,,,Mexico and South America,,,Wageningen University,,,,
328,Arthropoda,Insecta,Thorn bug,Membracidae,Umbonia,Umbonia spinosa,Animalia,,,,,"North America, Central America, and South America.",,,Wageningen University,,,,
329,Arthropoda,Insecta,Treehopper,Membracidae,Membracis,Membracis spinosa,Animalia,,,,,worldwide,,,Wageningen University,,,,
330,Arthropoda,Insecta,Vulture bee,Apidae,Trigona,Trigona hypogea,Animalia,,,,,worldwide,,,Wageningen University,,,,
331,Arthropoda,Insecta,Southern yellowjacket,Vespidae,Vespula,Vespula squamosa,Animalia,,,,,southeastern United States,,,Wageningen University,,,,
332,Arthropoda,Insecta,Salt marsh moth,Erebidae,Estigmene,Estigmene acrea,Animalia,,,,,"North America, Central America, and South America.",,,Wageningen University,,,,
333,Arthropoda,Insecta,Silkworm moth,Bombycidae,Bombyx,Bombyx mori,Animalia,,,,,worldwide,,,Wageningen University,,,,
334,Arthropoda,Insecta,Bollworm or corn earworm,Noctuidae,Helicoverpa,Helicoverpa zea,Animalia,,,,,"Central, and South America.",,,Wageningen University,,,,
335,Arthropoda,Insecta,Fall armyworm,Noctuidae,Spodoptera,Spodoptera frugiperda,Animalia,,,,,"Africa, Asia",,,Wageningen University,,,,
336,Arthropoda,Insecta,Mourning cloak,Nymphalidae,Nymphalis,Nymphalis antiopa,Animalia,,,,,"North America, Europe, and Asia.",,,Wageningen University,,,,
337,Arthropoda,Insecta,Two-tailed swallowtail,Papilionidae,Papilio,Papilio multicaudata,Animalia,,,,,"western North America, United States and Mexico.",,,Wageningen University,,,,
338,Arthropoda,Insecta,Black swallowtail,Papilionidae,Papilio,Papilio polyxenes,Animalia,,,,,"North America,United States, Canada, and Mexico.",,,Wageningen University,,,,
339,Arthropoda,Insecta,Eastern dobsonfly,Corydalidae,Corydalus,Corydalus cornutus,Animalia,,,,,"North America,Canada to Mexico.",,,Wageningen University,,,,
340,Arthropoda,Insecta,European house cricket,Gryllidae,Acheta,Acheta domesticus,Animalia,,,,,European,,,Wageningen University,,,,
341,Arthropoda,Insecta,Broad-tipped conehead,Tettigoniidae,Neoconocephalus,Neoconocephalus triops,Animalia,,,,,North America.,,,Wageningen University,,,,
342,Arthropoda,Insecta,Silver argiope or silver garden spider,Araneidae,Argiope,Argiope argentata,Animalia,,,,,North and South America,,,Wageningen University,,,,
343,Arthropoda,Insecta,Thai zebra tarantula,Theraphosidae,Haplopelma,Haplopelma albostriatum,Animalia,,,,,Thailand,,,Wageningen University,,,,
344,Arthropoda,Insecta,Flat-headed apple borer ,Buprestidae,Chrysobothris,Chrysobothris femorata,Animalia,,,,,North America.,,,Wageningen University,,,,
345,Arthropoda,Insecta,Jewel beetle,Buprestidae,Buprestis,Buprestis aequinoctialis,Animalia,,,,,worldwide,,,Wageningen University,,,,
346,Arthropoda,Insecta,Red-necked jewel beetle,Buprestidae,Chalcophora,Chalcophora ruficornis,Animalia,,,,,"Europe, Asia, and North Africa",,,Wageningen University,,,,
347,Arthropoda,Insecta,Elm jewel beetle,Buprestidae,Agrilus,Agrilus sternicornis,Animalia,,,,,Europe and Asia.,,,Wageningen University,,,,
348,Arthropoda,Insecta,Mulberry longhorn beetle,Cerambycidae,Apriona,Apriona germari,Animalia,,,,,China and Japan,,,Wageningen University,,,,
349,Arthropoda,Insecta,Mango longhorn beetle,Cerambycidae,Batocera,Batocera numitor,Animalia,,,,,Southeast Asia and parts of Australia,,,Wageningen University,,,,
350,Arthropoda,Insecta,Babul-root boring longhorn beetle,Cerambycidae,Glycyphana,Glycyphana scabrator,Animalia,,,,,Asia.,,,Wageningen University,,,,
351,Arthropoda,Insecta,Sal heartwood borer,Cerambycidae,Neocerambyx,Neocerambyx spinicornis,Animalia,,,,,India and Nepal.,,,Wageningen University,,,,
352,Arthropoda,Insecta,Kulsi teak borer,Cerambycidae,Pterolophia,Pterolophia barbata,Animalia,,,,,"India, Myanmar, and Thailand.",,,Wageningen University,,,,
353,Arthropoda,Insecta,Coffee berry borer or coffee borer beetle,Curculionidae,Hypothenemus,Hypothenemus hampei,Animalia,,,,,"Central and South America,",,,Wageningen University,,,,
354,Arthropoda,Insecta,Gold-dust weevil,Curculionidae,Hypomeces,Hypomeces squamosus,Animalia,,,,,Southeast Asia.,,,Wageningen University,,,,
355,Arthropoda,Insecta,Red palm weevil or Asian palm weevil,Curculionidae,Rhynchophorus,Rhynchophorus ferrugineus,Animalia,,,,,"Asia, Africa, and the Middle East.",,,Wageningen University,,,,
356,Arthropoda,Insecta,Great diving beetle,Dytiscidae,Dytiscus,Dytiscus limbatus,Animalia,,,,,Europe and Asia.,,,Wageningen University,,,,
357,Arthropoda,Insecta,Giant diving beetle,Dytiscidae,Cybister,Cybister posticus,Animalia,,,,,North and South America.,,,Wageningen University,,,,
358,Arthropoda,Insecta,Giant diving beetle or giant water beetle,Dytiscidae,Cybister,Cybister rugosus,Animalia,,,,,"North and South America,",,,Wageningen University,,,,
359,Arthropoda,Insecta,Three-dotted diving beetle,Dytiscidae,Cybister,Cybister tripunctatus,Animalia,,,,,North and South America,,,Wageningen University,,,,
360,Arthropoda,Insecta,Asiatic three-dotted diving beetle,Dytiscidae,Cybister,Cybister tripunctatus asiaticus,Animalia,,,,,Asia,,,Wageningen University,,,,
361,Arthropoda,Insecta,Great diving beetle ,Dytiscidae,Dytiscus,Dytiscus marginalis,Animalia,,,,,Europe and Asia.,,,Wageningen University,,,,
362,Arthropoda,Insecta,Shore diving beetle ,Dytiscidae,Rhantus,Rhantus exsoletus,Animalia,,,,,"Europe, Asia, and North America.",,,Wageningen University,,,,
363,Arthropoda,Insecta,Two-spotted diving beetle ,Dytiscidae,Agabus,Agabus bipustulatus,Animalia,,,,,Europe and Asia,,,Wageningen University,,,,
364,Arthropoda,Insecta,Marsh diving beetle,Dytiscidae,Ilybius,Ilybius congestus,Animalia,,,,,Europe and Asia.,,,Wageningen University,,,,
365,Arthropoda,Insecta,Broad-bodied click beetle,Elateridae,Athous,Athous aequalis,Animalia,,,,,Europe,,,Wageningen University,,,,
366,Arthropoda,Insecta,Small dung beetle,Scarabaeidae,Aphodius,Aphodius aethiops,Animalia,,,,,"Europe, Asia, and North America.",,,Wageningen University,,,,
367,Arthropoda,Insecta,Horned dung beetle,Scarabaeidae,Onthophagus,Onthophagus bucephalus,Animalia,,,,,"Europe, Asia, and North America.",,,Wageningen University,,,,
368,Arthropoda,Insecta,Lord dung beetle,Scarabaeidae,Onthophagus,Onthophagus dominus,Animalia,,,,,North and South America.,,,Wageningen University,,,,
369,Arthropoda,Insecta,Coconut rhinoceros beetle,Scarabaeidae,Oryctes,Oryctes rhinoceros,Animalia,,,,,Asia and the Pacific Islands.,,,Wageningen University,,,,
370,Arthropoda,Insecta,Black dung beetle,Scarabaeidae,Onthophagus,Onthophagus melanarius,Animalia,,,,,"Europe, Asia, and North America.",,,Wageningen University,,,,
371,Arthropoda,Insecta,Mealworm beetle,Tenebrionidae,Tenebrio,Tenebrio molitor,Animalia,,,,,Asia,,,Wageningen University,,,,
372,Arthropoda,Insecta,Harlequin cockroach,Blattidae,Gromphadorhina,Neostylopyga rhombifolia,Animalia,,,,,worldwide,,,Wageningen University,,,,
373,Arthropoda,Insecta,European mantis or praying mantis,Mantidae,Mantis,Mantis religiosa,Animalia,,,,,"Europe, Asia, and North America.",,,Wageningen University,,,,
374,Arthropoda,Insecta,Chinese mantis,Mantidae,Tenodera,Tenodera sinensis,Animalia,,,,,North America,,,Wageningen University,,,,
375,Arthropoda,Insecta,Oriental latrine fly,Muscidae,Chrysomya,Chrysomya megacephala,Animalia,,,,,"Americas, Africa, and Australia",,,Wageningen University,,,,
376,Arthropoda,Insecta,Paddy bug or rice ear bug,Pentatomidae,Leptocorisa,Leptocorisa acuta,Animalia,,,,,Asia,,,Wageningen University,,,,
377,Arthropoda,Insecta,Rice bug or rice ear bug,Cimicidae,Leptocorisa,Leptocorisa chinensis,Animalia,,,,,Asia,,,Wageningen University,,,,
378,Arthropoda,Insecta,Giant water bug or Indian toe-biter,Belostomatidae,Lethocerus,Lethocerus indicus,Animalia,,,,,"India, Southeast Asia, and parts of China",,,Wageningen University,,,,
379,Arthropoda,Insecta,Leaf-footed bug,Coreidae,Leptoglossus,Leptoglossus phyllopus,Animalia,,,,,"North, Central, and South America",,,Wageningen University,,,,
380,Arthropoda,Insecta,Water strider or pond skater,Gerridae,Gerris,Gerris lacustris,Animalia,,,,,"North America, and Asia.",,,Wageningen University,,,,
381,Arthropoda,Insecta,Water strider or pond skater,Gerridae,Aquarius,Aquarius remigis,Animalia,,,,,"North America, and Asia",,,Wageningen University,,,,
382,Arthropoda,Insecta,Water scorpion,Nepidae,Ranatra,Ranatra fusca,Animalia,,,,,worldwide,,,Wageningen University,,,,
383,Arthropoda,Insecta,Waterscorpion,Nepidae,Nepa,Nepa cinerea,Animalia,,,,,worldwide,,,Wageningen University,,,,
384,Arthropoda,Insecta,Water scorpion,Nepidae,Ranatra,Ranatra robusta,Animalia,,,,,worldwide,,,Wageningen University,,,,
385,Arthropoda,Insecta,Water scorpion,Nepidae,Nepa,Nepa cinerea,Animalia,,,,,worldwide,,,Wageningen University,,,,
386,Arthropoda,Insecta,Water stick insect,Phryganeidae,Longipennis,Longipennis vietnamensis,Animalia,,,,,Southeast Asia,,,Wageningen University,,,,
387,Arthropoda,Insecta,Water stick insect,Phryganeidae,Ranatra,Ranatra varipes,Animalia,,,,,worldwide,,,Wageningen University,,,,
388,Arthropoda,Insecta,Backswimmer,Notonectidae,Notonecta,Notonecta undulata,Animalia,,,,,worldwide,,,Wageningen University,,,,
389,Arthropoda,Insecta,Backswimmer,Notonectidae,Bouvierocoris,Bouvierocoris bouvieri,Animalia,,,,,worldwide,,,Wageningen University,,,,
390,Arthropoda,Insecta,Eastern backswimmer,Notonectidae,Notonecta,Notonecta undulata,Animalia,,,,,United States and parts of Canada.,,,Wageningen University,,,,
391,Arthropoda,Insecta,Brown stink bug,Pentatomidae,Euschistus,Euschistus servus,Animalia,,,,,North and Central America.,,,Wageningen University,,,,
392,Arthropoda,Insecta,Asian honey bee,Apidae,Apis,Apis cerana,Animalia,,,,,"India, China, Japan",,,Wageningen University,,,,
393,Arthropoda,Insecta,Giant honey bee,Apidae,Apis,Apis dorsata,Animalia,,,,,"India, Nepal, Sri Lanka",,,Wageningen University,,,,
394,Arthropoda,Insecta,Little honey bee,Apidae,Apis,Apis florea,Animalia,,,,,"India, Southeast Asia",,,Wageningen University,,,,
395,Arthropoda,Insecta,Honey Bee,Apidae,Apis,Apis mellifera,Animalia,,,,,"Europe, Africa, and Asia",,,Wageningen University,,,,
396,Arthropoda,Insecta,Stingless Bee,Apidae,Trigona,Trigona minuta (Lep.),Animalia,,,,,South America Africa Southeast Asia and Australia.,,,Wageningen University,,,,
397,Arthropoda,Insecta,Stingless Bee,Apidae,Tetragonula,Tetragonula biroi (Friese),Animalia,,,,,Southeast Asia and Australia,,,Wageningen University,,,,
398,Arthropoda,Insecta,Carpenter Bee,Apidae,Xylocopa,Xylocopa aestuans,Animalia,,,,,Worldwide,,,Wageningen University,,,,
399,Arthropoda,Insecta,Carpenter Bee,Apidae,Xylocopa,Xylocopa confusa Pérez syn,Animalia,,,,,Worldwide,,,Wageningen University,,,,
400,Arthropoda,Insecta,Carpenter Bee,Apidae,Xylocopa,Xylocopa iridipennis Lepeletier,Animalia,,,,,Worldwide,,,Wageningen University,,,,
401,Arthropoda,Insecta,Carpenter Bee,Apidae,Xylocopa,Xylocopa latipes,Animalia,,,,,Worldwide,,,Wageningen University,,,,
402,Arthropoda,Insecta,Giant Forest Ant,Formicidae,Camponotus,Camponotus gigas,Animalia,,,,,"Malaysia, Indonesia, and Thailand.",,,Wageningen University,,,,
403,Arthropoda,Insecta,Green Tree Ant,Formicidae,Oecophylla,Oecophylla smaragdina (F.),Animalia,,,,,Southeast Asia and Australia,,,Wageningen University,,,,
404,Arthropoda,Insecta,Potter Wasp,Vespidae,Eumenes,Eumenes petiolata,Animalia,,,,,worldwide,,,Wageningen University,,,,
405,Arthropoda,Insecta,Hornet,Vespidae,Vespa,Vespa stigma,Animalia,,,,,Worldwide,,,Wageningen University,,,,
406,Arthropoda,Insecta,Night Wasp,Vespidae,Apoica,Apoica anomala,Animalia,,,,,Central and South America,,,Wageningen University,,,,
407,Arthropoda,Insecta,Asian Predatory Wasp,Vespidae,Vespa,Vespa velutina auraria Smith,Animalia,,,,,East and Southeast Asia,,,Wageningen University,,,,
408,Arthropoda,Insecta,Drywood Termite,Kalotermitidae,Cryptotermes,Cryptotermes flavicollis (F.),Animalia,,,,,Worldwide,,,Wageningen University,,,,
409,Arthropoda,Insecta,Subterranean Termite,Rhinotermitidae,Reticulitermes,Reticulitermes flavipes,Animalia,,,,,Worldwide,,,Wageningen University,,,,
410,Arthropoda,Insecta,Bamboo Borer,Crambidae,Omphisa,Omphisa fuscidentalis Hampson,Animalia,,,,,Asia,,,Wageningen University,,,,
411,Arthropoda,Insecta,Social Spider,Eresidae,Stegodyphus,Stegodyphus sarasinorum,Animalia,,,,,Worldwide,,,Wageningen University,,,,
412,Arthropoda,Insecta,Banana Skipper,Hesperiidae,Erionota,Erionota thrax,Animalia,,,,,"Asia, Africa, and Australia",,,Wageningen University,,,,
413,Arthropoda,Insecta,Hornet,Vespidae,Vespa,Vespa stigma,Animalia,,,,,Worldwide,,,Wageningen University,,,,
414,Arthropoda,Insecta,Two-tailed swallowtail,Papilionidae,Papilio,Papilio multicaudata,Animalia,,,,,"western North America, United States and Mexico.",,,Wageningen University,,,,
415,Arthropoda,Insecta,Honey Bee,Apidae,Apis,Apis mellifera,Animalia,,,,,"Europe, Africa, and Asia",,,Wageningen University,,,,
416,Arthropoda,Insecta,Honey Bee,Apidae,Apis,Apis mellifera,Animalia,,,,,"Europe, Africa, and Asia",,,Wageningen University,,,,
417,Arthropoda,Insecta,Honey Bee,Apidae,Apis,Apis mellifera,Animalia,,,,,"Europe, Africa, and Asia",,,Wageningen University,,,,
418,Arthropoda,Insecta,Carpenter Bee,Apidae,Xylocopa,Xylocopa latipes,Animalia,,,,,Worldwide,,,Wageningen University,,,,
419,Arthropoda,Insecta,Carpenter Bee,Apidae,Xylocopa,Xylocopa latipes,Animalia,,,,,Worldwide,,,Wageningen University,,,,
420,Arthropoda,Insecta,Teak Defoliator,Hyblaeidae,Hyblaea,Hyblaea puera,Animalia,,,,,Asia and Africa.,,,Wageningen University,,,,
421,Arthropoda,Insecta,Muga Silk Moth,Saturniidae,Antheraea,Antheraea assamensis,Animalia,,,,,northeastern region of India,,,Wageningen University,,,,
422,Arthropoda,Insecta,Muga Silk Moth,Saturniidae,Antheraea,Antheraea assamensis Helfer,Animalia,,,,,northeastern region of India,,,Wageningen University,,,,
423,Arthropoda,Insecta,Indian Tussah Silkworm,Saturniidae,Antheraea,Antheraea paphia,Animalia,,,,,Southeast Asia,,,Wageningen University,,,,
424,Arthropoda,Insecta,Ailanthus Silkmoth,Saturniidae,Samia,Samia cynthia,Animalia,,,,,"China, Japan, Europe and North America",,,Wageningen University,,,,
425,Arthropoda,Insecta,Eri Silkmoth,Saturniidae,Samia,Samia ricini,Animalia,,,,,"India, China, and Southeast Asia",,,Wageningen University,,,,
426,Arthropoda,Insecta,Hairy Emperor,Nymphalidae,Nymphalis,Nymphalis vaualbum guttatus,Animalia,,,,,Worldwide,,,Wageningen University,,,,
427,Arthropoda,Insecta,Hairy Emperor,Nymphalidae,Nymphalis,Nymphalis vaualbum guttatus,Animalia,,,,,Worldwide,,,Wageningen University,,,,
428,Arthropoda,Insecta,Water Stick Insect,Nepidae,Ranatra,Ranatra chinensis Mayr,Animalia,,,,,China and other Southeast Asian countries,,,Wageningen University,,,,
429,Arthropoda,Insecta,Water Stick Insect,Nepidae,Ranatra,Ranatra chinensis Mayr,Animalia,,,,,China and other Southeast Asian countries,,,Wageningen University,,,,
430,Arthropoda,Insecta,Periodic Cicada,Cicadidae,Magicicada,Magicicada cassini (Fisher),Animalia,,,,,Eastern North America,,,Wageningen University,,,,
431,Arthropoda,Insecta,Periodic Cicada,Cicadidae,Magicicada,Magicicada cassini (Fisher),Animalia,,,,,Eastern North America,,,Wageningen University,,,,
432,Arthropoda,Insecta,Periodic Cicada,Cicadidae,Magicicada,Magicicada cassini (Fisher),Animalia,,,,,Eastern North America,,,Wageningen University,,,,
433,Arthropoda,Insecta,jerusalem cricket,Stenopelmatidae,Ammopelmatus (formerly Stenopelmatus),Ammopelmatus fuscus,Animalia,,,,,western North America,,,Wageningen University,,,,
434,Arthropoda,Insecta,jerusalem cricket,Stenopelmatidae,Ammopelmatus (formerly Stenopelmatus),Ammopelmatus fuscus,Animalia,,,,,western North America,,,Wageningen University,,,,
435,Arthropoda,Insecta,Red Admiral,Nymphalidae,Vanessa,Vanessa atalanta,Animalia,,,,,"Europe, North America, and Asia",,,Wageningen University,,,,
436,Arthropoda,Insecta,Clown Grasshopper,Pyrgomorphidae,Heteropternis,Heteropternis innotabilis,Animalia,,,,,Worldwide,,,Wageningen University,,,,
437,Arthropoda,Insecta,Migratory Locust,Acrididae,Locusta,Locusta migratoria migratorioides,Animalia,,,,,Worldwide,,,Wageningen University,,,,
438,Arthropoda,Insecta,Bombay Locust,Acrididae,Patanga,Patanga succincta,Animalia,,,,,South Asia,,,Wageningen University,,,,
439,Arthropoda,Insecta,Desert Locust,Acrididae,Schistocerca,Schistocerca gregaria,Animalia,,,,,"Africa, Asia",,,Wageningen University,,,,
440,Arthropoda,Insecta,Two-Spotted Cricket,Gryllidae,Gryllus,Gryllus bimaculatus,Animalia,,,,,Worldwide,,,Wageningen University,,,,
441,Arthropoda,Insecta,Bush Cricket,Tettigoniidae,Tettigonia,Tettigonia orientalis,Animalia,,,,,Worldwide,,,Wageningen University,,,,
442,Arthropoda,Insecta,African Mole Cricket,Gryllotalpidae,Gryllotalpa,Gryllotalpa africana,Animalia,,,,,Africa,,,Wageningen University,,,,
443,Arthropoda,Insecta,Painted Grasshopper,Pyrgomorphidae,Poekilocerus,Poekilocerus pictus,Animalia,,,,,Worldwide,,,Wageningen University,,,,
444,Arthropoda,Insecta,Sand Cricket,Gryllidae,Gryllus,Gryllus firmus,Animalia,,,,,Worldwide,,,Wageningen University,,,,
445,Arthropoda,Insecta,Brulle's Katydid,Tettigoniidae,Phaneroptera,Phaneroptera brullei,Animalia,,,,,Europe and Asia,,,Wageningen University,,,,
446,Arthropoda,Insecta,Spiny Stick Insect,Phasmatidae,Eurycantha,Eurycantha echinata,Animalia,,,,,Southeast Asia and Pacific Islands,,,Wageningen University,,,,
447,Arthropoda,Insecta,Asian Longhorn Beetle,Cerambycidae,Anoplophora,Anoplophora glabripennis,Animalia,,,,,"East Asia, China and Korea",,,Wageningen University,,,,
448,Arthropoda,Insecta,Mulberry Longhorn Beetle,Cerambycidae,Apriona,Apriona germari,Animalia,,,,,"Asia, China, India, and Southeast Asia",,,Wageningen University,,,,
449,Arthropoda,Insecta,Giant Bamboo Weevil,Bostrichidae,,Dinoderus buqueti Guérin,Animalia,,,,,Southeast Asia,,,Wageningen University,,,,
450,Arthropoda,Insecta,Pine Shoot Beetle,Scolytidae,,Tomicus piniperda,Animalia,,,,,"Europe, North America",,,Wageningen University,,,,
451,Arthropoda,Insecta,Japanese Rhinoceros Beetle,Scarabaeidae,Trypoxylus,Trypoxylus dichotomus (L.),Animalia,,,,,"Asia, including China, Korea",,,Wageningen University,,,,
452,Arthropoda,Insecta,Scarab Beetle,Scarabaeidae,Oryctes,Oryctes rhinoceros,Animalia,,,,,Worldwide,,,Wageningen University,,,,
453,Arthropoda,Insecta,Oriental Housefly,Muscidae,Musca,Musca domestica vicina Macquart,Animalia,,,,,Worldwide,,,Wageningen University,,,,
454,Arthropoda,Insecta,Mayfly,Baetidae,Baetis,Baetis jinghongensis,Animalia,,,,,China,,,Wageningen University,,,,
455,Arthropoda,Insecta,Giant Waterbug,Belostomatidae,Lethocerus,Lethocerus deyrollei Vuillefroy,Animalia,,,,,"China, Japan, and Korea",,,Wageningen University,,,,
456,Arthropoda,Insecta,Giant Water Bug,Belostomatidae,Lethocerus,Lethocerus indicus,Animalia,,,,,"India, Bangladesh, and Southeast Asian",,,Wageningen University,,,,
457,Arthropoda,Insecta,Water Scorpion,Nepidae,Laccotrephes,Laccotrephes japonensis,Animalia,,,,,"Japan, Korea, China, and Southeast Asian countries",,,Wageningen University,,,,
458,Arthropoda,Insecta,Water Stick Insect,Nepidae,Ranatra,Ranatra chinensis Mayr,Animalia,,,,,China and other Southeast Asian countries,,,Wageningen University,,,,
459,Arthropoda,Insecta,Water Stick Insect,Nepidae,Ranatra,Ranatra unicolor Scott,Animalia,,,,,"Asia, Europe, Africa, and North America",,,Wageningen University,,,,
460,Arthropoda,Insecta,Stink Bug,Pentatomidae,Eocanthecona,Eocanthecona parva Distant,Animalia,,,,,"India, Southeast Asia, and China",,,Wageningen University,,,,
461,Arthropoda,Insecta,Litchi Stink Bug,Tessaratomidae,Tessaratoma,Tessaratoma papillosa,Animalia,,,,,"India, China, and Southeast Asian countries",,,Wageningen University,,,,
462,Arthropoda,Insecta,Cicada,Cicadidae,Graptopsaltria,Graptopsaltria flammata,Animalia,,,,,"China, Japan, and Southeast Asian countries",,,Wageningen University,,,,
463,Arthropoda,Insecta,Evening Cicada,Cicadidae,Cryptotympana,Cryptotympana japonensis,Animalia,,,,,"China, Japan, Korea, and Southeast Asian countries",,,Wageningen University,,,,
464,Arthropoda,Insecta,Chinese Wax Scale,Coccidae,Ceroplastes,Ceroplastes sinensis Del Guercio,Animalia,,,,,China and East Asian countries,,,Wageningen University,,,,
465,Arthropoda,Insecta,Cochineal Insect,Dactylopiidae,Dactylopius,Dactylopius coccus,Animalia,,,,,South America,,,Wageningen University,,,,
466,Arthropoda,Insecta,Japanese Carpenter Bee,Apidae,Xylocopa,Xylocopa appendiculata circumvolens Smith,Animalia,,,,,East Asia,,,Wageningen University,,,,
467,Arthropoda,Insecta,Japanese Ants,Formicidae,Lasius,Lasius japonicus Mayr,Animalia,,,,,"East Asia, Japan",,,Wageningen University,,,,
468,Arthropoda,Insecta,Green Tree Ant,Formicidae,Oecophylla,Oecophylla smaragdina,Animalia,,,,,Asia and Australia,,,Wageningen University,,,,
469,Arthropoda,Insecta,Black Weaver Ant,Formicidae,Oecophylla,Oecophylla smaragdina,Animalia,,,,,Asia and Australia,,,Wageningen University,,,,
470,Arthropoda,Insecta,Japanese Giant Hornet,Vespidae,Vespa,Vespa mandarinia japonica Radoszkowski,Animalia,,,,,East Asia,,,Wageningen University,,,,
471,Arthropoda,Insecta,Asian Giant Hornet,Vespidae,Vespa,Vespa velutina auraria Smith,Animalia,,,,,"Southeast Asia, China, and Japan",,,Wageningen University,,,,
472,Arthropoda,Insecta,Korean Yellowjacket,Vespidae,Vespula,Vespula flaviceps lewisii,Animalia,,,,,East Asia,,,Wageningen University,,,,
473,Arthropoda,Insecta,Pink Bollworm,Gelechiidae,Pectinophora,Pectinophora gossypiella,Animalia,,,,,"Americas, Africa, and Asia",,,Wageningen University,,,,
474,Arthropoda,Insecta,Ghost Moth,Hepialidae,Hepialus,Hepialus cingulatus Yang & Zhang,Animalia,,,,,China,,,Wageningen University,,,,
475,Arthropoda,Insecta,Black Cutworm,Noctuidae,Agrotis,Agrotis ipsilon,Animalia,,,,,"North and South America, Europe, Africa, and Asia",,,Wageningen University,,,,
476,Arthropoda,Insecta,Asiatic Rice Borer,Crambidae,Chilo,Chilo suppressalis,Animalia,,,,,"China, Japan, and Southeast Asian countries",,,Wageningen University,,,,
477,Arthropoda,Insecta,Bamboo Borer,Crambidae,Omphisa,Omphisa fuscidentalis Hampson,Animalia,,,,,Southeast Asian countries,,,Wageningen University,,,,
478,Arthropoda,Insecta,Bamboo Borer,Bostrichidae,Dinoderus,Dinoderus fuscidentalis,Animalia,,,,,Asia,,,Wageningen University,,,,
479,Arthropoda,Insecta,Chinese Tussah Moth,Saturniidae,Antheraea,Antheraea pernyi,Animalia,,,,,China,,,Wageningen University,,,,
480,Arthropoda,Insecta,Japanese Oak Silkmoth,Saturniidae,Antheraea,Antheraea yamamai,Animalia,,,,,Japan,,,Wageningen University,,,,
481,Arthropoda,Insecta,Tomato Hornworm,Sphingidae,Manduca,Manduca quinquemaculata,Animalia,,,,,United States and Canada,,,Wageningen University,,,,
482,Arthropoda,Insecta,Hummingbird Hawk Moth,Sphingidae,Macroglossum,Macroglossum stellatarum,Animalia,,,,,"Europe, Asia, and Africa",,,Wageningen University,,,,
483,Arthropoda,Insecta,Soybean Pod Borer,Tortricidae,Leguminivora,Leguminivora glycinivorella,Animalia,,,,,"Asia, North America, and South America",,,Wageningen University,,,,
484,Arthropoda,Insecta,Dobsonfly,Corydalidae,Corydalus,Corydalus grandis,Animalia,,,,,"North America ,East Asia",,,Wageningen University,,,,
485,Arthropoda,Insecta,Caddisfly,Limnephilidae,Limnephilus,Limnephilus brevilineatus,Animalia,,,,,Worldwide,,,Wageningen University,,,,
486,Arthropoda,Insecta,Caddisfly,Leptoceridae,Ceraclea,Ceraclea sauteri Matsuzaki,Animalia,,,,,Worldwide,,,Wageningen University,,,,
487,Arthropoda,Insecta,Caddisfly,Limnephilidae,Limnephilus,Limnephilus griseipennis McLachlan,Animalia,,,,,Worldwide,,,Wageningen University,,,,
488,Arthropoda,Insecta,Caddisfly,Limnephilidae,Limnephilus,Limnephilus marmoratus Navás,Animalia,,,,,Worldwide,,,Wageningen University,,,,
